現在のパス,所有Gitリポジトリ,現在Git追跡,分類案,Git管理方針案,配置・統合先案,処置案,行数,パス表記のある行,内容SHA256,確認の深さ,整理後のパス,実施処置,統合先・保持節,実施前分類,実施後分類,実施後SHA256
AGENTS.md,.,追跡済み,エージェントへの具体的な作業指示,Git継続,AGENTS.md,整理案3.1節に従い作業指示と正本への参照に絞る。共通手順はgovernance、SEP一時制約・来歴は計画・記録、端末固有値はローカル設定へ。旧指示を自動的に現行化しない,21,"9,15,17,21",1e7f85215718f1531ecf92183b470035f2a5250995651db814303f1d35b16182,全文の機械照合と表題・状態。個別意味の統合は未実施,AGENTS.md,整理案3.1全11項目を処置。具体的指示/相対参照を保持。共通手順はpolicy、適用中の条件はstatus、SEP一律禁止・実値・SHA/評価パスは既存SEP履歴,AGENTS.md; docs/governance/development-policy.md; docs/migration/status.md; docs/archive/environment-separation-sep1-brief.md,現行文書・案混在,現行文書,52f6b3ae9350cc59457406ad77d2a3f33c6875c7943a09526ccf59d8bf5f8a8f
README.md,.,追跡済み,基本方針の正本・プロジェクトの入口,Git継続,README.md,概要、ディレクトリー構成・文書管理の基本方針を所有。要件・設計・詳細手順の正本へリンク。AGENTSの指示や一時制約を抱え込まない,25,,8594cccc4e47c73ecc99baed713e2f732b0e6aeb2b3ae32c9406dc8c34f3325f,全文の機械照合と表題・状態。個別意味の統合は未実施,README.md,承認済み日本語ドラフトを意味を維持して英語正本へ。基本方針と構成、正本索引を所有,README.md,現行文書・案混在,現行文書,8ddc2a0d8a4dd8a22ac943d39b8b62d497a12a9de080f74a43d9a24a6b53a1fc
docs/environment-cleanup-coordination.md,.,追跡済み,引継ぎ・調整記録,Gitで現況と要点を保持,docs/migration/status.md + docs/archive/,現在の作業順序を一箇所へ。取消済み修復指示は現行扱いしない。長い履歴は再掲せず参照,693,"65,66,205,333,467,490,527",adaa741933aaafc2d690cb40f8e90e299118f76021cfae3e68421057d944a4ab,全文機械照合、表題・状態・責務の確認。主要な重複群は本文比較,docs/archive/environment-cleanup-coordination.md,当時の工程・判断・検証を履歴化。現在の順序はmigration/v2-plan.md、状態はmigration/status.md,docs/archive/environment-cleanup-coordination.md（全文保持、移動時はリンクを調整）,履歴・進捗混在,履歴,c1b87ab8b69a56c8cefc9363ff7569fd9c9279475918ba1624c42ec19d703366
docs/environment-separation-and-production-stability-plan.md,.,追跡済み,移行計画・進捗,Git継続,docs/migration/v2-plan.md + docs/migration/status.md,基盤→Provider→Skillへ計画を統合。現在状態と当時の評価を分離。日本語案の承認後に英語正本へ反映。SEPの一時制約と来歴を恒久的方針から分け、適用中の制約には対象・解除条件を記す,238,"5,63,105,149",d1e29fa157e80ec691735d921302a3dc883f48a1bfa7a26e0bd928e315ab80ce,全文機械照合、表題・状態・責務の確認。主要な重複群は本文比較,docs/archive/environment-separation-and-production-stability-plan.md,当時の工程・判断・検証を履歴化。現在の順序はmigration/v2-plan.md、状態はmigration/status.md,docs/archive/environment-separation-and-production-stability-plan.md（全文保持、移動時はリンクを調整）,現行文書・案混在,履歴,731cc71c5377b3887fe1d1278b621e26866892e17b7e0cd9ba467e8e3cf9801f
docs/environment-separation-coordination.md,.,追跡済み,引継ぎ・調整記録,Gitで現況と要点を保持,docs/migration/status.md + docs/archive/,現在の作業順序を一箇所へ。取消済み修復指示は現行扱いしない。長い履歴は再掲せず参照,38,,9b4ffbcb15d710f70239bf11480f0f14c83ea17ee2fa1e0435fd4d394cd70422,全文機械照合、表題・状態・責務の確認。主要な重複群は本文比較,docs/archive/environment-separation-coordination.md,当時の工程・判断・検証を履歴化。現在の順序はmigration/v2-plan.md、状態はmigration/status.md,docs/archive/environment-separation-coordination.md（全文保持、移動時はリンクを調整）,履歴・進捗混在,履歴,90f7dd4516025527357449d05d399a1176d7a3d98c8dfd1e3925be551ea25a76
docs/environment-separation-sep0-checkpoint.md,.,追跡済み,過去の調査・実装・保全記録,Gitは判断と検証要約、作業実体は対象外,docs/archive/（全体記録）または所有repoのdocs/archive/,記録を現在の手順から外す。承認済み判断・再現に必要な要約を残し、生ログや一時出力はlocal archiveへ。内容選別後に配置確定,101,95,bbc51694902ffa8e74b7e304c59ec4ccd6d93ade45426354121e9d9abcfd4ac1,全文機械照合、表題・状態・責務の確認。主要な重複群は本文比較,docs/archive/environment-separation-sep0-checkpoint.md,当時の工程・判断・検証を履歴化。現在の順序はmigration/v2-plan.md、状態はmigration/status.md,docs/archive/environment-separation-sep0-checkpoint.md（全文保持、移動時はリンクを調整）,履歴・進捗混在,履歴,e358c4dfc1da8c13c405f28c84d8a44293e9ca46dfb2321789d1e6c846d2e0f4
docs/environment-separation-sep1-brief.md,.,追跡済み,過去の調査・実装・保全記録,Gitは判断と検証要約、作業実体は対象外,docs/archive/（全体記録）または所有repoのdocs/archive/,記録を現在の手順から外す。承認済み判断・再現に必要な要約を残し、生ログや一時出力はlocal archiveへ。内容選別後に配置確定。SEPの一時制約と来歴を恒久的方針から分け、適用中の制約には対象・解除条件を記す,40,"7,11,29",fa30570dcb046ad9b8d9047920cf2ead29b485df19617c7c894b4bf8108ab7ff,全文機械照合、表題・状態・責務の確認。主要な重複群は本文比較,docs/archive/environment-separation-sep1-brief.md,当時の工程・判断・検証を履歴化。現在の順序はmigration/v2-plan.md、状態はmigration/status.md,docs/archive/environment-separation-sep1-brief.md（全文保持、移動時はリンクを調整）,履歴・進捗混在,履歴,5e65106fd4ca2e99c79b5fd41e80bc1e119fac1b59bb7ae3d925c1fbce77db01
docs/environment-separation-sep2-desktop-verification.md,.,追跡済み,過去の調査・実装・保全記録,Gitは判断と検証要約、作業実体は対象外,docs/archive/（全体記録）または所有repoのdocs/archive/,記録を現在の手順から外す。承認済み判断・再現に必要な要約を残し、生ログや一時出力はlocal archiveへ。内容選別後に配置確定,61,"13,21,31,57",d25d076f0574a56e81badfcfa54fed9bfce3f0c1aa68de7cc3e492792478ef75,全文機械照合、表題・状態・責務の確認。主要な重複群は本文比較,docs/archive/environment-separation-sep2-desktop-verification.md,当時の工程・判断・検証を履歴化。現在の順序はmigration/v2-plan.md、状態はmigration/status.md,docs/archive/environment-separation-sep2-desktop-verification.md（全文保持、移動時はリンクを調整）,履歴・進捗混在,履歴,457eb65a8afd03061dc142911b1158479fe28a3cadba8bd145724cb630b0a791
docs/environment-separation-sep2-fresh-task-verification.md,.,追跡済み,過去の調査・実装・保全記録,Gitは判断と検証要約、作業実体は対象外,docs/archive/（全体記録）または所有repoのdocs/archive/,記録を現在の手順から外す。承認済み判断・再現に必要な要約を残し、生ログや一時出力はlocal archiveへ。内容選別後に配置確定,116,,31059ad29e33c694dc71c322cf12b737c1ec3f5470c54209e16ffc69c1bf6ca6,全文機械照合、表題・状態・責務の確認。主要な重複群は本文比較,docs/archive/environment-separation-sep2-fresh-task-verification.md,当時の工程・判断・検証を履歴化。現在の順序はmigration/v2-plan.md、状態はmigration/status.md,docs/archive/environment-separation-sep2-fresh-task-verification.md（全文保持、移動時はリンクを調整）,履歴・進捗混在,履歴,091ef64c47731e2cd6b7e6a9b960ebf8855c30a0cca538dffdd338eb7b628417
docs/environment-separation-sep2-overlay-checkpoint.md,.,追跡済み,過去の調査・実装・保全記録,Gitは判断と検証要約、作業実体は対象外,docs/archive/（全体記録）または所有repoのdocs/archive/,記録を現在の手順から外す。承認済み判断・再現に必要な要約を残し、生ログや一時出力はlocal archiveへ。内容選別後に配置確定,92,,eb949b84265aeed24c334be9941968dc666cc16a33a8d6e94fa65e90756ce8fd,全文機械照合、表題・状態・責務の確認。主要な重複群は本文比較,docs/archive/environment-separation-sep2-overlay-checkpoint.md,当時の工程・判断・検証を履歴化。現在の順序はmigration/v2-plan.md、状態はmigration/status.md,docs/archive/environment-separation-sep2-overlay-checkpoint.md（全文保持、移動時はリンクを調整）,履歴・進捗混在,履歴,e0c591039a9ba50b2d2ddc6b167c6ca934afe13cfbd64eadd2e7bce852c32cf2
docs/environment-separation-sep2-post-restart-verification.md,.,追跡済み,過去の調査・実装・保全記録,Gitは判断と検証要約、作業実体は対象外,docs/archive/（全体記録）または所有repoのdocs/archive/,記録を現在の手順から外す。承認済み判断・再現に必要な要約を残し、生ログや一時出力はlocal archiveへ。内容選別後に配置確定,40,,34dec7acb6937dac85038bc7c71615244fa07bd32406ec6c47f23c610ca9c251,全文機械照合、表題・状態・責務の確認。主要な重複群は本文比較,docs/archive/environment-separation-sep2-post-restart-verification.md,当時の工程・判断・検証を履歴化。現在の順序はmigration/v2-plan.md、状態はmigration/status.md,docs/archive/environment-separation-sep2-post-restart-verification.md（全文保持、移動時はリンクを調整）,履歴・進捗混在,履歴,a7b790915c08a9223c37e3e318bafb9cb44368b8ce42846b40e6a7586827a188
docs/environment-separation-sep2-skill-discovery-diagnosis.md,.,追跡済み,過去の調査・実装・保全記録,Gitは判断と検証要約、作業実体は対象外,docs/archive/（全体記録）または所有repoのdocs/archive/,記録を現在の手順から外す。承認済み判断・再現に必要な要約を残し、生ログや一時出力はlocal archiveへ。内容選別後に配置確定,51,,e90b63c1e3e2cf1f48396fd6f9b7c861e7ac99b2f0706f3bf5b81b3fae9011e1,全文機械照合、表題・状態・責務の確認。主要な重複群は本文比較,docs/archive/environment-separation-sep2-skill-discovery-diagnosis.md,当時の工程・判断・検証を履歴化。現在の順序はmigration/v2-plan.md、状態はmigration/status.md,docs/archive/environment-separation-sep2-skill-discovery-diagnosis.md（全文保持、移動時はリンクを調整）,履歴・進捗混在,履歴,928dbfe1b693a5a29ad70c558f687751c0a63bc8ff683b028beb4445964564d2
docs/governance/document-language-policy.md,.,追跡済み,正本,Git継続,docs/governance/document-language-policy.md,採用済みの正本として現位置を維持。READMEとAGENTSには日本語レビュー・英語正本の短い指示と参照を置く,27,,7d9f89eb7f87bf96d70af44f25d0d84ba7abc4e876b4ba7e00bbb156aa27b90c,全文機械照合、表題・状態・責務の確認。主要な重複群は本文比較,docs/governance/document-language-policy.md,維持：所有先と役割が一致。業務契約の再審査・機能変更なし,docs/governance/document-language-policy.md（全文保持、移動時はリンクを調整）,現行文書・案混在,現行文書,7d9f89eb7f87bf96d70af44f25d0d84ba7abc4e876b4ba7e00bbb156aa27b90c
docs/governance/private-source-integration-guide.md,.,追跡済み,共通設計方針,Git継続,docs/governance/private-source-integration-guide.md,共通の正本として維持。独立した複製を作らない,142,,436599830a7d3fa955d1241b1056db9555b83e1f6aa1227d3fc5ad4199700769,全文機械照合、表題・状態・責務の確認。主要な重複群は本文比較,docs/governance/private-source-integration-guide.md,維持：所有先と役割が一致。業務契約の再審査・機能変更なし,docs/governance/private-source-integration-guide.md（全文保持、移動時はリンクを調整）,現行文書・案混在,現行文書,436599830a7d3fa955d1241b1056db9555b83e1f6aa1227d3fc5ad4199700769
docs/instruction-audit-and-simplification-plan.md,.,追跡済み,過去監査計画と残作業,Gitで要点を保持,docs/migration/v2-plan.md + docs/archive/,現行の必要性を確認した残作業だけ計画へ。AGENTS等の整理方法は今回の合意基準へ揃える。過去の監査指示を再承認・停止条件にしない,183,,110e68747095c9b0df2b40884e1abcbaa75d49c565155b5d13b526dc4962b804,全文機械照合、表題・状態・責務の確認。主要な重複群は本文比較,docs/archive/instruction-audit-and-simplification-plan.md,当時の工程・判断・検証を履歴化。現在の順序はmigration/v2-plan.md、状態はmigration/status.md,docs/archive/instruction-audit-and-simplification-plan.md（全文保持、移動時はリンクを調整）,現行文書・案混在,履歴,f2ff7c57119a2f2fcc053182aa0f2a71a58971798251fd91ad1d471103fdaf1c
docs/instruction-audit-ia0-ia2-checkpoint.md,.,追跡済み,過去の調査・実装・保全記録,Gitは判断と検証要約、作業実体は対象外,docs/archive/（全体記録）または所有repoのdocs/archive/,記録を現在の手順から外す。承認済み判断・再現に必要な要約を残し、生ログや一時出力はlocal archiveへ。内容選別後に配置確定,625,"19,113,167,226,305,350,427,477,555,617",753a5343d46ff078701b1ea5989a8c479dcfa10495f930db3c053f431ac5b2ec,全文機械照合、表題・状態・責務の確認。主要な重複群は本文比較,docs/archive/instruction-audit-ia0-ia2-checkpoint.md,当時の工程・判断・検証を履歴化。現在の順序はmigration/v2-plan.md、状態はmigration/status.md,docs/archive/instruction-audit-ia0-ia2-checkpoint.md（全文保持、移動時はリンクを調整）,履歴・進捗混在,履歴,97f6ba60ea55b7590f22a04e8e268a670d00e90b7c8fca6c58b62a9fd4d3a0af
docs/live-agency-domain-knowledge.md,.,追跡済み,業務モデル案,Git継続,docs/domain/model.md,採用済み業務判断を整理。account identityの意味を統合し、履歴は分離,572,,6967edd5eddfe9e103131106a0f98fdb7b8e41e30339e3ee17e0c4d43197ca0b,全文機械照合、表題・状態・責務の確認。主要な重複群は本文比較,docs/domain/model.md,§2–9・12–13の業務意味・仮定・限界を保持。§4.5は採用済みidentity §1–5で統合、§4.8のサービス実装/測定はBase knowledgeへ。§10の責務はoverview参照、§11の重複一覧は本文に統合,docs/domain/model.md; docs/architecture/overview.md; provider-runtime/providers/lark-base/knowledge/data-model.md,現行文書・案混在,現行文書,d170ffcbb9a8e31b6a7d6e87b9661b7b0d1750abe5998e1a009c8463b549769f
docs/live-agency-mcp-roadmap.md,.,追跡済み,全体設計案,Git継続,docs/architecture/overview.md,採用された責務・依存のみ統合。未採用の再編は履歴へ,624,,0194ea3cb78d8d4b88519f8eded0bf5b9b97d7fc366fe9e95f3ae9289c1fcb99,全文機械照合、表題・状態・責務の確認。主要な重複群は本文比較,docs/reviews/live-agency-mcp-roadmap.md,§4–10・12.1と既存v2採用判断の責務をoverviewへ要約。§11の旧工程、§12.2の未決事項を含む原案は非正本レビューとして保持,docs/architecture/overview.md; docs/reviews/live-agency-mcp-roadmap.md,レビュー,レビュー,b4ac4558a721a2eb7bcd4422e1eb04b32355bfebf2b1bc777548099432aaf93c
docs/npm-package-architecture-revision.md,.,追跡済み,未採用のレビュー案,Git継続,docs/reviews/,レビュー履歴として保持。8業務分割や永続継続を正本へ自動採用しない,390,"376,377,378,379,380,381,382,383,384,385,386,387,388",d2a5d0c82a1a3d309ccc063e570a464f4efb2732e38540ebc9addd9ee7094bf9,全文機械照合、表題・状態・責務の確認。主要な重複群は本文比較,docs/reviews/npm-package-architecture-revision.md,未採用の提案・未解決部分をレビューとして保持。整理承認で採用しない,docs/reviews/npm-package-architecture-revision.md（全文保持、移動時はリンクを調整）,レビュー,レビュー,f12008a5b7b6113124bd7d9d156652ff0e905855a0bf5757757f6a46a3f75cd0
docs/npm-runtime-ci-suppressed-source-commit.md,.,追跡済み,過去の調査・実装・保全記録,Gitは判断と検証要約、作業実体は対象外,docs/archive/（全体記録）または所有repoのdocs/archive/,記録を現在の手順から外す。承認済み判断・再現に必要な要約を残し、生ログや一時出力はlocal archiveへ。内容選別後に配置確定,54,15,e03c88672ca0e09353dea22f6d06af9a5ec9f4d18c9972eb079cd2a240205166,全文機械照合、表題・状態・責務の確認。主要な重複群は本文比較,docs/archive/npm-runtime-ci-suppressed-source-commit.md,当時の工程・判断・検証を履歴化。現在の順序はmigration/v2-plan.md、状態はmigration/status.md,docs/archive/npm-runtime-ci-suppressed-source-commit.md（全文保持、移動時はリンクを調整）,履歴・進捗混在,履歴,6a0461ac843becf2cf2b5a5c6a5d62d5e54921c1c55fbc9851ba789384f38995
docs/npm-runtime-committed-artifact-reproduction.md,.,追跡済み,過去の調査・実装・保全記録,Gitは判断と検証要約、作業実体は対象外,docs/archive/（全体記録）または所有repoのdocs/archive/,記録を現在の手順から外す。承認済み判断・再現に必要な要約を残し、生ログや一時出力はlocal archiveへ。内容選別後に配置確定,149,"23,27,41,46",8e7dd2d06cab899e1ab44a738d88e6fea28d7bcb14bce69dd99a2a8abe1f20cf,全文機械照合、表題・状態・責務の確認。主要な重複群は本文比較,docs/archive/npm-runtime-committed-artifact-reproduction.md,当時の工程・判断・検証を履歴化。現在の順序はmigration/v2-plan.md、状態はmigration/status.md,docs/archive/npm-runtime-committed-artifact-reproduction.md（全文保持、移動時はリンクを調整）,履歴・進捗混在,履歴,d6ef3f848e0c68597808c59d65b73dadd54b314f9656465adcb63a66ce57f965
docs/npm-runtime-distribution-decision.md,.,追跡済み,配布方針とRuntime設計の混在,Git継続,docs/architecture/distribution.md + provider-runtime/docs/deployment.md,scope・所有・公開範囲は全体方針。起動・lockfile・切替仕様はRuntimeへ分離,46,,df946958f01bfbff2fc3e548b48a5bb32e4990c5c255f93cdda25e1a4a7b9ebd,全文機械照合、表題・状態・責務の確認。主要な重複群は本文比較,docs/architecture/distribution.md,採用済みの規則・モデルを正本へ。重複、工程、検証履歴を分離,docs/architecture/distribution.md（全文保持、移動時はリンクを調整）,現行文書・案混在,現行文書,38030dff3f94330c1ba417c7904179d4ffd18524a969f7c1ac819600aaa26f68
docs/npm-runtime-formal-distribution-contract.md,.,追跡済み,契約・実装brief・進捗の混在,Gitで仕様と要点を保持,docs/architecture/distribution.md + provider-runtime/docs/ + 所有する共通ライブラリー,契約を所有者へ分割。特定タスクの手順・版・hashは履歴へ。文書丸ごとの機械移動をしない,638,,e052bb747a28ba4fb82122cefff5d4d44efe320191c9284e6fd6921b62991f10,全文機械照合、表題・状態・責務の確認。主要な重複群は本文比較,provider-runtime/docs/reviews/formal-distribution-contract.md,manifest/payload/配布案全文をRuntimeレビューへ。採用済みscope/registry/actorは親正本が所有。提案の採用はしない,provider-runtime/docs/reviews/formal-distribution-contract.md; docs/architecture/distribution.md,現行文書・案混在,レビュー,d294e8b3e9a51104b5aa865bedabaedc5fc0476273e0abeb1078ea12c1c07a85
docs/npm-runtime-formal-distribution-implementation-checkpoint.md,.,追跡済み,過去の調査・実装・保全記録,Gitは判断と検証要約、作業実体は対象外,docs/archive/（全体記録）または所有repoのdocs/archive/,記録を現在の手順から外す。承認済み判断・再現に必要な要約を残し、生ログや一時出力はlocal archiveへ。内容選別後に配置確定,206,"101,133,179",c30fdf8338f6b9ae8de5771836a796c9516d55b6095ce30b7f4de6508c538d29,全文機械照合、表題・状態・責務の確認。主要な重複群は本文比較,docs/archive/npm-runtime-formal-distribution-implementation-checkpoint.md,当時の工程・判断・検証を履歴化。現在の順序はmigration/v2-plan.md、状態はmigration/status.md,docs/archive/npm-runtime-formal-distribution-implementation-checkpoint.md（全文保持、移動時はリンクを調整）,履歴・進捗混在,履歴,8d88bdfde6f59a911497eec8f7c367829a98bfcbc3354990c4e54dbdc2744676
docs/npm-runtime-initial-push-ci-suppression.md,.,追跡済み,過去の調査・実装・保全記録,Gitは判断と検証要約、作業実体は対象外,docs/archive/（全体記録）または所有repoのdocs/archive/,記録を現在の手順から外す。承認済み判断・再現に必要な要約を残し、生ログや一時出力はlocal archiveへ。内容選別後に配置確定,100,27,3a2f6223a52bfb8ae215989783d4ef036120d60ca3c4e1f850a3667e671660d0,全文機械照合、表題・状態・責務の確認。主要な重複群は本文比較,docs/archive/npm-runtime-initial-push-ci-suppression.md,当時の工程・判断・検証を履歴化。現在の順序はmigration/v2-plan.md、状態はmigration/status.md,docs/archive/npm-runtime-initial-push-ci-suppression.md（全文保持、移動時はリンクを調整）,履歴・進捗混在,履歴,ec1d32f52298f961c35e4dca518f191169b114d1beb39a999721f9ae7075db95
docs/npm-runtime-lifecycle-design.md,.,追跡済み,配布方針とRuntime設計の混在,Git継続,docs/architecture/distribution.md + provider-runtime/docs/deployment.md,scope・所有・公開範囲は全体方針。起動・lockfile・切替仕様はRuntimeへ分離,329,,97981c68ee606be55fc539812386068280c7ae9830fe398331ba768e7c5721ac,全文機械照合、表題・状態・責務の確認。主要な重複群は本文比較,provider-runtime/docs/deployment.md,§3–11・14の配備設計はRuntime、scope/発行主体/公開範囲はdistribution。§2・12・13・15・16の工程・検証はarchive。未実装CLIは提案と明示,provider-runtime/docs/deployment.md; docs/architecture/distribution.md; docs/archive/npm-runtime-lifecycle-design.md,現行文書・案混在,現行文書,662c9aa790c5e1afb68d06df0e28ca43a54c6e303750284c5ccddb672723454f
docs/npm-runtime-offline-install-checkpoint.md,.,追跡済み,過去の調査・実装・保全記録,Gitは判断と検証要約、作業実体は対象外,docs/archive/（全体記録）または所有repoのdocs/archive/,記録を現在の手順から外す。承認済み判断・再現に必要な要約を残し、生ログや一時出力はlocal archiveへ。内容選別後に配置確定,226,"42,62,80,124,125",4f65bf0ac331a9e8721ea5bc4c4019cd6e5d5ae4a9925ebbb1837f777f3ea2a1,全文機械照合、表題・状態・責務の確認。主要な重複群は本文比較,docs/archive/npm-runtime-offline-install-checkpoint.md,当時の工程・判断・検証を履歴化。現在の順序はmigration/v2-plan.md、状態はmigration/status.md,docs/archive/npm-runtime-offline-install-checkpoint.md（全文保持、移動時はリンクを調整）,履歴・進捗混在,履歴,b1707c594ab6be5d5fa43fdeee58bc34ebbe2c4f289130f932a33992f091bf66
docs/npm-runtime-private-qualification-source-selection.md,.,追跡済み,過去の調査・実装・保全記録,Gitは判断と検証要約、作業実体は対象外,docs/archive/（全体記録）または所有repoのdocs/archive/,記録を現在の手順から外す。承認済み判断・再現に必要な要約を残し、生ログや一時出力はlocal archiveへ。内容選別後に配置確定,80,"25,45",b521408f4788213f6e10e9b3d0a4368699205e68190ec9605f503252a541e90d,全文機械照合、表題・状態・責務の確認。主要な重複群は本文比較,docs/archive/npm-runtime-private-qualification-source-selection.md,当時の工程・判断・検証を履歴化。現在の順序はmigration/v2-plan.md、状態はmigration/status.md,docs/archive/npm-runtime-private-qualification-source-selection.md（全文保持、移動時はリンクを調整）,履歴・進捗混在,履歴,96b5a4f5b72de092c4ff8742253c0ee9e8371ae015276f3ce00647ebf84146bd
docs/npm-runtime-release-readiness.md,.,追跡済み,過去の調査・実装・保全記録,Gitは判断と検証要約、作業実体は対象外,docs/archive/（全体記録）または所有repoのdocs/archive/,記録を現在の手順から外す。承認済み判断・再現に必要な要約を残し、生ログや一時出力はlocal archiveへ。内容選別後に配置確定,201,"39,54",2ed395fc207219bd1815288d9e80901578622afe77817298cf30f3b575f58104,全文機械照合、表題・状態・責務の確認。主要な重複群は本文比較,docs/archive/npm-runtime-release-readiness.md,当時の工程・判断・検証を履歴化。現在の順序はmigration/v2-plan.md、状態はmigration/status.md,docs/archive/npm-runtime-release-readiness.md（全文保持、移動時はリンクを調整）,履歴・進捗混在,履歴,7a40d82e0ab63ce8afc82326c8ad3e2b7f07a539a30d86facbd874175bcd68bc
docs/npm-runtime-release-source-commit.md,.,追跡済み,過去の調査・実装・保全記録,Gitは判断と検証要約、作業実体は対象外,docs/archive/（全体記録）または所有repoのdocs/archive/,記録を現在の手順から外す。承認済み判断・再現に必要な要約を残し、生ログや一時出力はlocal archiveへ。内容選別後に配置確定,68,"13,33,34,35,36,37,38,39,40",b5a359f28019aa979d2909aedbd4183b4ce2f5fe049aba295822569194f88429,全文機械照合、表題・状態・責務の確認。主要な重複群は本文比較,docs/archive/npm-runtime-release-source-commit.md,当時の工程・判断・検証を履歴化。現在の順序はmigration/v2-plan.md、状態はmigration/status.md,docs/archive/npm-runtime-release-source-commit.md（全文保持、移動時はリンクを調整）,履歴・進捗混在,履歴,a10ed9084b8e1e0d5a9d9119bbb6a5e94c49265ced7b0e30026136bcaf6dbce4
docs/npm-runtime-release-source-selection.md,.,追跡済み,過去の調査・実装・保全記録,Gitは判断と検証要約、作業実体は対象外,docs/archive/（全体記録）または所有repoのdocs/archive/,記録を現在の手順から外す。承認済み判断・再現に必要な要約を残し、生ログや一時出力はlocal archiveへ。内容選別後に配置確定,82,"9,13,14,15,30",cb1c9df134e5fe5fd5dad9e2227b662735e8ad76e9a3e692a31c3d5658be7363,全文機械照合、表題・状態・責務の確認。主要な重複群は本文比較,docs/archive/npm-runtime-release-source-selection.md,当時の工程・判断・検証を履歴化。現在の順序はmigration/v2-plan.md、状態はmigration/status.md,docs/archive/npm-runtime-release-source-selection.md（全文保持、移動時はリンクを調整）,履歴・進捗混在,履歴,9c3a93f6503339423388945f913543273b64e1aaea209a45fafcb327c6df0a3a
docs/npm-runtime-rls0-checkpoint.md,.,追跡済み,過去の調査・実装・保全記録,Gitは判断と検証要約、作業実体は対象外,docs/archive/（全体記録）または所有repoのdocs/archive/,記録を現在の手順から外す。承認済み判断・再現に必要な要約を残し、生ログや一時出力はlocal archiveへ。内容選別後に配置確定,366,229,617dc35ca4609d1dba7d03503e45613debdeb20ae707ec40a6354aba76f6c369,全文機械照合、表題・状態・責務の確認。主要な重複群は本文比較,docs/archive/npm-runtime-rls0-checkpoint.md,当時の工程・判断・検証を履歴化。現在の順序はmigration/v2-plan.md、状態はmigration/status.md,docs/archive/npm-runtime-rls0-checkpoint.md（全文保持、移動時はリンクを調整）,履歴・進捗混在,履歴,4c566cdf59045efa3aa328a51c76388a76ddb78d6190df75afc71e0f941cba56
docs/npm-runtime-rls1-contract.md,.,追跡済み,契約・実装brief・進捗の混在,Gitで仕様と要点を保持,docs/architecture/distribution.md + provider-runtime/docs/ + 所有する共通ライブラリー,契約を所有者へ分割。特定タスクの手順・版・hashは履歴へ。文書丸ごとの機械移動をしない,610,"125,380,552,558,560,562,587",ed7bf7c2d40d1d9a54684509a3967817abec95bbadf442c3afbe3fb6f9aa5808,全文機械照合、表題・状態・責務の確認。主要な重複群は本文比較,provider-runtime/skills/live-agency-skills/packages/source-provider-api/docs/instruction-resolution.md,§3–7 API/型/拒否条件は共通API、§2・8の結線/試験はRuntime、§1・9–11のbrief/測定はarchive。端末のfixture実値を共有APIから除外,provider-runtime/skills/live-agency-skills/packages/source-provider-api/docs/instruction-resolution.md; provider-runtime/docs/instruction-resolution.md; docs/archive/npm-runtime-rls1-contract.md,現行文書・案混在,現行文書,3cfceb1c4570791e7110eade670b0a10be3fd7cce8a166c07b7a5e9a0acfdf9e
docs/npm-runtime-rls2-artifact-checkpoint.md,.,追跡済み,過去の調査・実装・保全記録,Gitは判断と検証要約、作業実体は対象外,docs/archive/（全体記録）または所有repoのdocs/archive/,記録を現在の手順から外す。承認済み判断・再現に必要な要約を残し、生ログや一時出力はlocal archiveへ。内容選別後に配置確定,192,"41,51,59",9d37874541218cdf69dbb1b3cb6626c2f971a86aa9750a3572ffeb49d6006f88,全文機械照合、表題・状態・責務の確認。主要な重複群は本文比較,docs/archive/npm-runtime-rls2-artifact-checkpoint.md,当時の工程・判断・検証を履歴化。現在の順序はmigration/v2-plan.md、状態はmigration/status.md,docs/archive/npm-runtime-rls2-artifact-checkpoint.md（全文保持、移動時はリンクを調整）,履歴・進捗混在,履歴,bb883f8315719dab0fca9912bd456c1449c5c8909010647fa666d0a7971c3da1
docs/npm-runtime-source-publication-eligibility.md,.,追跡済み,過去の調査・実装・保全記録,Gitは判断と検証要約、作業実体は対象外,docs/archive/（全体記録）または所有repoのdocs/archive/,記録を現在の手順から外す。承認済み判断・再現に必要な要約を残し、生ログや一時出力はlocal archiveへ。内容選別後に配置確定,105,13,8eebee1590ee49b270395361bb4d20afa146920385d3425f3036c6204f3262b4,全文機械照合、表題・状態・責務の確認。主要な重複群は本文比較,docs/archive/npm-runtime-source-publication-eligibility.md,当時の工程・判断・検証を履歴化。現在の順序はmigration/v2-plan.md、状態はmigration/status.md,docs/archive/npm-runtime-source-publication-eligibility.md（全文保持、移動時はリンクを調整）,履歴・進捗混在,履歴,00cfc14fa499f6e819a6928db01229a3455685629222afd191d2fc1da8b46467
docs/repository-reorganization-plan.md,.,追跡済み,全体設計案,Git継続,docs/architecture/overview.md,採用された責務・依存のみ統合。未採用の再編は履歴へ,152,12,5fe08998494180607af7dad68b5d196bba9863939dd87a90844c6f8b44132d27,全文機械照合、表題・状態・責務の確認。主要な重複群は本文比較,docs/archive/repository-reorganization-plan.md,§1・4の配置責務はREADME/overview、§7.1のM7-2は現行plan、§2–6の工程・進捗と当時の選択肢は履歴,docs/architecture/overview.md; docs/migration/v2-plan.md; docs/archive/repository-reorganization-plan.md,現行文書・案混在,履歴,5098a3ae4fd47a4103c8b02ac8aec8937287a45f4f3bfce20301b66c62460155
docs/skill-naming-policy.md,.,追跡済み,命名方針と移行案,Git継続,docs/governance/skill-naming-policy.md + docs/migration/v2-plan.md,命名規則を一箇所へ。改名の採否と移行作業は計画へ分離,150,,c1713465ccde56209e9e9dfa484f05166d8357e5513b82c0e7160649a06aed98,全文機械照合、表題・状態・責務の確認。主要な重複群は本文比較,docs/governance/skill-naming-policy.md,採用済みの規則・モデルを正本へ。重複、工程、検証履歴を分離,docs/governance/skill-naming-policy.md（全文保持、移動時はリンクを調整）,現行文書・案混在,現行文書,ce07b15dfd337bf1986546e0123dcf0dbf56b1fa1eccb65bd7e47e1bca9137f2
docs/stab-clean-main-qualification.md,.,追跡済み,過去の調査・実装・保全記録,Gitは判断と検証要約、作業実体は対象外,docs/archive/（全体記録）または所有repoのdocs/archive/,記録を現在の手順から外す。承認済み判断・再現に必要な要約を残し、生ログや一時出力はlocal archiveへ。内容選別後に配置確定,137,,22b8c5a81e855cd8357ca979fddcb990ae2a6187a8bc48fbf290b98e5ee6d944,全文機械照合、表題・状態・責務の確認。主要な重複群は本文比較,docs/archive/stab-clean-main-qualification.md,当時の工程・判断・検証を履歴化。現在の順序はmigration/v2-plan.md、状態はmigration/status.md,docs/archive/stab-clean-main-qualification.md（全文保持、移動時はリンクを調整）,履歴・進捗混在,履歴,1712d68603c15ece1fefe914c5b6307e388c5674caa9e21c95b056ea6f8c5f7a
docs/stab-current-composition-recovery-qualification.md,.,追跡済み,過去の調査・実装・保全記録,Gitは判断と検証要約、作業実体は対象外,docs/archive/（全体記録）または所有repoのdocs/archive/,記録を現在の手順から外す。承認済み判断・再現に必要な要約を残し、生ログや一時出力はlocal archiveへ。内容選別後に配置確定,117,,4c2bb0ff702213275f0c074b7f0ce412d54d5dad0a3012668f0d7cbe9416d43e,全文機械照合、表題・状態・責務の確認。主要な重複群は本文比較,docs/archive/stab-current-composition-recovery-qualification.md,当時の工程・判断・検証を履歴化。現在の順序はmigration/v2-plan.md、状態はmigration/status.md,docs/archive/stab-current-composition-recovery-qualification.md（全文保持、移動時はリンクを調整）,履歴・進捗混在,履歴,9a1f21e8af36d1bc635f9f099703c7b7a85f2f121875d45518bae5e46f921fcc
docs/stab-inc01-provider-discovery-failure.md,.,追跡済み,過去の調査・実装・保全記録,Gitは判断と検証要約、作業実体は対象外,docs/archive/（全体記録）または所有repoのdocs/archive/,記録を現在の手順から外す。承認済み判断・再現に必要な要約を残し、生ログや一時出力はlocal archiveへ。内容選別後に配置確定,90,46,550a4b8b76ada44f7614b158d1f67f9f6332699ae0547a775910fcd4ea20ca96,全文機械照合、表題・状態・責務の確認。主要な重複群は本文比較,docs/archive/stab-inc01-provider-discovery-failure.md,当時の工程・判断・検証を履歴化。現在の順序はmigration/v2-plan.md、状態はmigration/status.md,docs/archive/stab-inc01-provider-discovery-failure.md（全文保持、移動時はリンクを調整）,履歴・進捗混在,履歴,d992aca28da18037dd69f68e89ff770aafc3323028638766926a3df7c2714f16
docs/stab-native-cli-artifact-qualification.md,.,追跡済み,過去の調査・実装・保全記録,Gitは判断と検証要約、作業実体は対象外,docs/archive/（全体記録）または所有repoのdocs/archive/,記録を現在の手順から外す。承認済み判断・再現に必要な要約を残し、生ログや一時出力はlocal archiveへ。内容選別後に配置確定,106,51,cb23d4292be0256bd4e8a52e3e06b48d831592f127d199fc94323f7b7f4b6056,全文機械照合、表題・状態・責務の確認。主要な重複群は本文比較,docs/archive/stab-native-cli-artifact-qualification.md,当時の工程・判断・検証を履歴化。現在の順序はmigration/v2-plan.md、状態はmigration/status.md,docs/archive/stab-native-cli-artifact-qualification.md（全文保持、移動時はリンクを調整）,履歴・進捗混在,履歴,2cbf75161382685c2540f7d97e85b57c97b27f57293ef0e39b52afae6c432a55
docs/stab-production-dependency-recovery-preflight.md,.,追跡済み,過去の調査・実装・保全記録,Gitは判断と検証要約、作業実体は対象外,docs/archive/（全体記録）または所有repoのdocs/archive/,記録を現在の手順から外す。承認済み判断・再現に必要な要約を残し、生ログや一時出力はlocal archiveへ。内容選別後に配置確定,212,"19,20,23,65",2930b5569c17143298c294f569b1ef320c7ef440bebd4c85c695f3481af0e53a,全文機械照合、表題・状態・責務の確認。主要な重複群は本文比較,docs/archive/stab-production-dependency-recovery-preflight.md,当時の工程・判断・検証を履歴化。現在の順序はmigration/v2-plan.md、状態はmigration/status.md,docs/archive/stab-production-dependency-recovery-preflight.md（全文保持、移動時はリンクを調整）,履歴・進捗混在,履歴,0b675a8903e853ddd6749a35166ae775c417be9a4de0b248348245fedf9ac7d6
docs/stab0-offline-workflow-triage.md,.,追跡済み,過去の調査・実装・保全記録,Gitは判断と検証要約、作業実体は対象外,docs/archive/（全体記録）または所有repoのdocs/archive/,記録を現在の手順から外す。承認済み判断・再現に必要な要約を残し、生ログや一時出力はlocal archiveへ。内容選別後に配置確定,89,68,3ba57ec47c9b576f8efdd6a4ab88805db4915c25514897ed4106f4cc148006ed,全文機械照合、表題・状態・責務の確認。主要な重複群は本文比較,docs/archive/stab0-offline-workflow-triage.md,当時の工程・判断・検証を履歴化。現在の順序はmigration/v2-plan.md、状態はmigration/status.md,docs/archive/stab0-offline-workflow-triage.md（全文保持、移動時はリンクを調整）,履歴・進捗混在,履歴,8e301fd72e256c56fd6427f23b8b9d3ad662cb8ed0190b2b2fb2cf33e67b6fd0
docs/task-orchestration-policy.md,.,追跡済み,共通開発方針,Git継続,docs/governance/development-policy.md + AGENTS.md + docs/migration/v2-plan.md,共通開発手順、エージェントへの具体的指示、作業割当・一時制約を内容別に分離。READMEの基本方針は参照。旧制約は現行扱いせず、必要な一時制約に対象・解除条件を付ける,335,,6a180681b91a17eea15075d5d621b5047bbb30a6635e8405018dd75ed20e643a,全文機械照合、表題・状態・責務の確認。主要な重複群は本文比較,docs/governance/development-policy.md,採用済みの規則・モデルを正本へ。重複、工程、検証履歴を分離,docs/governance/development-policy.md（全文保持、移動時はリンクを調整）,現行文書・案混在,現行文書,db68ae9687e465d700dfe23e327b46d765e111169dd36c705d257130e17e2f7a
docs/v2-development-coordination.md,.,追跡済み,引継ぎ・調整記録,Gitで現況と要点を保持,docs/migration/status.md + docs/archive/,現在の作業順序を一箇所へ。取消済み修復指示は現行扱いしない。長い履歴は再掲せず参照,468,"10,95,117,152,176,205,236,261,278,347,360,418",12d7a958af556c1a360890d6b6b133c6e4e6f394a4952b9489d3e1882345a9fa,全文機械照合、表題・状態・責務の確認。主要な重複群は本文比較,docs/archive/v2-development-coordination.md,当時の工程・判断・検証を履歴化。現在の順序はmigration/v2-plan.md、状態はmigration/status.md,docs/archive/v2-development-coordination.md（全文保持、移動時はリンクを調整）,履歴・進捗混在,履歴,0c7c129ee61505283d7f95163a48ded40d7d158a898343d567c6feedda56435f
docs/v2-migration-pert.md,.,追跡済み,移行計画・進捗,Git継続,docs/migration/v2-plan.md + docs/migration/status.md,基盤→Provider→Skillへ計画を統合。現在状態と当時の評価を分離。日本語案の承認後に英語正本へ反映,191,,f770ae5f76e30668f0a15118afa58f4f51bf2a906d349069fae912bbbd596817,全文機械照合、表題・状態・責務の確認。主要な重複群は本文比較,docs/archive/v2-migration-pert.md,当時の工程・判断・検証を履歴化。現在の順序はmigration/v2-plan.md、状態はmigration/status.md,docs/archive/v2-migration-pert.md（全文保持、移動時はリンクを調整）,現行文書・案混在,履歴,fa65198872648a27b4d548589e8fb8b6f980b4e5383ad597d25b0ea0a9fdacae
docs/v2-migration-plan-review-ja.md,.,追跡済み,移行計画・進捗,Git継続,docs/migration/v2-plan.md + docs/migration/status.md,基盤→Provider→Skillへ計画を統合。現在状態と当時の評価を分離。日本語案の承認後に英語正本へ反映,131,,e162adc8b01b28b3fa7695d33d06c99df0747e343c80e6add9f02a2902fa2d9c,全文機械照合、表題・状態・責務の確認。主要な重複群は本文比較,docs/reviews/v2-migration-plan-review-ja.md,未採用の提案・未解決部分をレビューとして保持。整理承認で採用しない,docs/reviews/v2-migration-plan-review-ja.md（全文保持、移動時はリンクを調整）,レビュー,レビュー,4ed2de974cdeecbf5118b058f7ccb6711bb318b0ab42ee8026bf8e4b1b75048f
docs/v2-migration-plan.md,.,追跡済み,移行計画・進捗,Git継続,docs/migration/v2-plan.md + docs/migration/status.md,基盤→Provider→Skillへ計画を統合。現在状態と当時の評価を分離。日本語案の承認後に英語正本へ反映,1541,14,7aab7931910c8c0deb3b9bf525743b1ddbeb9538f0c6f8ceb8e902b110980963,全文機械照合、表題・状態・責務の確認。主要な重複群は本文比較,docs/archive/v2-migration-plan.md,当時の工程・判断・検証を履歴化。現在の順序はmigration/v2-plan.md、状態はmigration/status.md,docs/archive/v2-migration-plan.md（全文保持、移動時はリンクを調整）,現行文書・案混在,履歴,f4c541b738ba0c16bd3fd79ac5ef639d483309f929181f66496c2835cd790bb2
docs/v2-skill-naming-and-migration-plan.md,.,追跡済み,命名方針と移行案,Git継続,docs/governance/skill-naming-policy.md + docs/migration/v2-plan.md,命名規則を一箇所へ。改名の採否と移行作業は計画へ分離,265,,f48e5abf345c691ca66cc5b89a003cfdf29be03d80c766a8308ec5c18cfe8a92,全文機械照合、表題・状態・責務の確認。主要な重複群は本文比較,docs/reviews/v2-skill-naming-and-migration-plan.md,未採用の提案・未解決部分をレビューとして保持。整理承認で採用しない,docs/reviews/v2-skill-naming-and-migration-plan.md（全文保持、移動時はリンクを調整）,レビュー,レビュー,d7ee999960a4403289d9535d422950b19eff4279872ab0d9a1f86d5201baa980
docs/v2-task-execution-instructions.md,.,追跡済み,共通開発方針,Git継続,docs/governance/development-policy.md + AGENTS.md + docs/migration/v2-plan.md,共通開発手順、エージェントへの具体的指示、作業割当・一時制約を内容別に分離。READMEの基本方針は参照。旧制約は現行扱いせず、必要な一時制約に対象・解除条件を付ける,96,,c301b2269eb06b139b903d4d4eab83e59c9f98aa309fd14cdcd9d81994db653e,全文機械照合、表題・状態・責務の確認。主要な重複群は本文比較,docs/governance/development-policy.md,具体的指示はAGENTS、共通手順はdevelopment-policy、backup dispositionはplan/所有契約。重複文書を削除、原版は既存Git履歴/旧handoff履歴で追跡可,AGENTS.md; docs/governance/development-policy.md; docs/migration/v2-plan.md,現行文書・案混在,現行文書,db68ae9687e465d700dfe23e327b46d765e111169dd36c705d257130e17e2f7a
docs/v2-task-handoff-history-2026-09-05.md,.,追跡済み,過去の調査・実装・保全記録,Gitは判断と検証要約、作業実体は対象外,docs/archive/（全体記録）または所有repoのdocs/archive/,記録を現在の手順から外す。承認済み判断・再現に必要な要約を残し、生ログや一時出力はlocal archiveへ。内容選別後に配置確定,1389,,198322f5edfe9cf950795f2598a06112ad09103ec5d9ea4c58529f6ce72ac9c7,全文機械照合、表題・状態・責務の確認。主要な重複群は本文比較,docs/archive/v2-task-handoff-history-2026-09-05.md,当時の工程・判断・検証を履歴化。現在の順序はmigration/v2-plan.md、状態はmigration/status.md,docs/archive/v2-task-handoff-history-2026-09-05.md（全文保持、移動時はリンクを調整）,履歴・進捗混在,履歴,ff54676a3d441157f40ac959be91a77ece4f20a2595748f066845596dfaf7741
docs/v2-task-handoff.md,.,追跡済み,引継ぎ・調整記録,Gitで現況と要点を保持,docs/migration/status.md + docs/archive/,現在の作業順序を一箇所へ。取消済み修復指示は現行扱いしない。長い履歴は再掲せず参照,511,"6,123,127",8fbe75968e3b32dbb2b16485b573603d0b73235e0e819e3e0403ee727ac87247,全文機械照合、表題・状態・責務の確認。主要な重複群は本文比較,docs/archive/v2-task-handoff.md,当時の工程・判断・検証を履歴化。現在の順序はmigration/v2-plan.md、状態はmigration/status.md,docs/archive/v2-task-handoff.md（全文保持、移動時はリンクを調整）,履歴・進捗混在,履歴,c1d573e6241db8fefc9e659aa150bc1ebcfce4fc3b0021e5a2fe76a9f4e21f5f
docs/v2-work-package-consolidation.md,.,追跡済み,共通開発方針,Git継続,docs/governance/development-policy.md + AGENTS.md + docs/migration/v2-plan.md,共通開発手順、エージェントへの具体的指示、作業割当・一時制約を内容別に分離。READMEの基本方針は参照。旧制約は現行扱いせず、必要な一時制約に対象・解除条件を付ける,61,,a17473cf6fc5a6f450d0381a29b17d4dadca7984b9df228d5190093d3d926c69,全文機械照合、表題・状態・責務の確認。主要な重複群は本文比較,docs/governance/development-policy.md,§2・4の共通手順をpolicyへ統合。§1・3・5の固有測定/旧割当/確認事例を既存IA履歴へ。重複文書は削除,docs/governance/development-policy.md; docs/archive/instruction-audit-ia0-ia2-checkpoint.md,現行文書・案混在,現行文書,db68ae9687e465d700dfe23e327b46d765e111169dd36c705d257130e17e2f7a
docs/work-project-empty-tools-cleanup.md,.,追跡済み,過去の調査・実装・保全記録,Gitは判断と検証要約、作業実体は対象外,docs/archive/（全体記録）または所有repoのdocs/archive/,記録を現在の手順から外す。承認済み判断・再現に必要な要約を残し、生ログや一時出力はlocal archiveへ。内容選別後に配置確定,143,"10,51,65",21ffaa1624af6dcfb77da735622e8a0adec0281f2d174a64243940487cd448a8,全文機械照合、表題・状態・責務の確認。主要な重複群は本文比較,docs/archive/work-project-empty-tools-cleanup.md,当時の工程・判断・検証を履歴化。現在の順序はmigration/v2-plan.md、状態はmigration/status.md,docs/archive/work-project-empty-tools-cleanup.md（全文保持、移動時はリンクを調整）,履歴・進捗混在,履歴,c3d1ad8608ac2bf296a8d1acbc5666c47fa15eee9ed8f6ee70d68cf9d7e85066
docs/work-project-excluded-source-retention.md,.,追跡済み,過去の調査・実装・保全記録,Gitは判断と検証要約、作業実体は対象外,docs/archive/（全体記録）または所有repoのdocs/archive/,記録を現在の手順から外す。承認済み判断・再現に必要な要約を残し、生ログや一時出力はlocal archiveへ。内容選別後に配置確定,64,16,1d6b31b11116820bfd9cc9bd9c53bba0bfda2cff0c7ce1b16c64a010b7205b7d,全文機械照合、表題・状態・責務の確認。主要な重複群は本文比較,docs/archive/work-project-excluded-source-retention.md,当時の工程・判断・検証を履歴化。現在の順序はmigration/v2-plan.md、状態はmigration/status.md,docs/archive/work-project-excluded-source-retention.md（全文保持、移動時はリンクを調整）,履歴・進捗混在,履歴,a7061a397fa74b83d128ac88b887cd0e031627bba6794a7cb8f0fb1bba430619
docs/work-project-guide-migration.md,.,追跡済み,過去の調査・実装・保全記録,Gitは判断と検証要約、作業実体は対象外,docs/archive/（全体記録）または所有repoのdocs/archive/,記録を現在の手順から外す。承認済み判断・再現に必要な要約を残し、生ログや一時出力はlocal archiveへ。内容選別後に配置確定,135,"52,113",1639c40b4846040f6e358e80402031c5fb179c44779e982e627b586e72255483,全文機械照合、表題・状態・責務の確認。主要な重複群は本文比較,docs/archive/work-project-guide-migration.md,当時の工程・判断・検証を履歴化。現在の順序はmigration/v2-plan.md、状態はmigration/status.md,docs/archive/work-project-guide-migration.md（全文保持、移動時はリンクを調整）,履歴・進捗混在,履歴,82d73f329ea62fdadc8fe35273fe528e0241d594e2e3e12e5a7b09065fd0187f
docs/work-project-parent-source-preservation.md,.,追跡済み,過去の調査・実装・保全記録,Gitは判断と検証要約、作業実体は対象外,docs/archive/（全体記録）または所有repoのdocs/archive/,記録を現在の手順から外す。承認済み判断・再現に必要な要約を残し、生ログや一時出力はlocal archiveへ。内容選別後に配置確定,95,"16,75",eba2d214eb65a4a902dccffb622b63b9439465dcaaa77cd07cceaad1b0fbddbc,全文機械照合、表題・状態・責務の確認。主要な重複群は本文比較,docs/archive/work-project-parent-source-preservation.md,当時の工程・判断・検証を履歴化。現在の順序はmigration/v2-plan.md、状態はmigration/status.md,docs/archive/work-project-parent-source-preservation.md（全文保持、移動時はリンクを調整）,履歴・進捗混在,履歴,cf2cdaa13842890fded0d6714015a102c25105c9ed2ab695a73f8a4abfb3bdd9
docs/work-project-source-preservation.md,.,追跡済み,過去の調査・実装・保全記録,Gitは判断と検証要約、作業実体は対象外,docs/archive/（全体記録）または所有repoのdocs/archive/,記録を現在の手順から外す。承認済み判断・再現に必要な要約を残し、生ログや一時出力はlocal archiveへ。内容選別後に配置確定,78,16,1e58dc14464272f997ca71174727c2be65e37cb05a6b7cf6531fea5c664701c6,全文機械照合、表題・状態・責務の確認。主要な重複群は本文比較,docs/archive/work-project-source-preservation.md,当時の工程・判断・検証を履歴化。現在の順序はmigration/v2-plan.md、状態はmigration/status.md,docs/archive/work-project-source-preservation.md（全文保持、移動時はリンクを調整）,履歴・進捗混在,履歴,3f3cff2927f7cc7b06f830d0f084d163bebe5066e1d62c72355c85ab86954a2b
docs/work-project-unused-directory-audit.md,.,追跡済み,過去の調査・実装・保全記録,Gitは判断と検証要約、作業実体は対象外,docs/archive/（全体記録）または所有repoのdocs/archive/,記録を現在の手順から外す。承認済み判断・再現に必要な要約を残し、生ログや一時出力はlocal archiveへ。内容選別後に配置確定,158,"26,28,117",1aa3793b8fadcfc548c65d530732309fae23a55594d1099b06a99089a62b4d53,全文機械照合、表題・状態・責務の確認。主要な重複群は本文比較,docs/archive/work-project-unused-directory-audit.md,当時の工程・判断・検証を履歴化。現在の順序はmigration/v2-plan.md、状態はmigration/status.md,docs/archive/work-project-unused-directory-audit.md（全文保持、移動時はリンクを調整）,履歴・進捗混在,履歴,ad2402945f7a7542e414f5efd730b10e9298ac2656c7c879b5735b89dfe51fa5
provider-runtime/README.md,provider-runtime,追跡済み,コンポーネント文書,Git対象,provider-runtime/README.md,実装を所有するrepositoryで維持,191,,5e5ae26456a9ad5cd96775eec1edfffbcf1926b748aa4a795abf3c2e105335cf,全文の機械照合と表題・状態。個別意味の統合は未実施,provider-runtime/README.md,概要/構成/索引に絞る。Setup/利用/更新詳細をusageへ移動。現行状態の参照をmigration/statusへ統一,provider-runtime/README.md; provider-runtime/docs/source-runtime-usage.md,現行文書・案混在,現行文書,dd21c4c6c7334ecb9d4021e6a475582d35282ea69b83f8ea2da4c07401b19ba3
provider-runtime/docs/backup-capability-contract-checkpoint.md,provider-runtime,未追跡,実装・検証記録,Gitは再現条件と結論、作業実体は対象外,provider-runtime/docs/verification/ または所有するコンポーネント,対応コード・テスト・入力版と結び付ける。共通説明を参照化し、履歴を一括削除しない,57,21,583b71b0f7f04c487d9239d147f777594206f52304835304822d00236ba3e483,全文機械照合、表題・状態・責務の確認。主要な重複群は本文比較,provider-runtime/docs/archive/backup-capability-contract-checkpoint.md,対象版・条件・結果を履歴化。旧進捗は現行キューにしない,provider-runtime/docs/archive/backup-capability-contract-checkpoint.md（全文保持、移動時はリンクを調整）,履歴・進捗混在,履歴,199559859eedb81ff8c44f7b858e372be4c44953b90c9a3ec7e79a5e7ffc7241
provider-runtime/docs/backup-capability-contract-design.md,provider-runtime,未追跡,複数所有者にまたがる契約案,Gitで仕様と決定を保持,共通契約の所有repo + Providerのknowledge/ + Runtimeのdocs/,正規化契約・サービス操作・接続・未採用案を区別して統合。本文の意味は再確認が必要,178,,3636d8d863e54faac468b7e8797579366e84e6767a8c1628457760cee32bc9cf,全文機械照合、表題・状態・責務の確認。主要な重複群は本文比較,provider-runtime/skills/live-agency-skills/packages/source-provider-api/docs/backup-capability-contract.md,合意済み§1–7の能力/結果/評価/互換/API/検証限界を英訳し所有APIへ。過去テストは既存checkpoint参照、実業務認定へ昇格しない,provider-runtime/skills/live-agency-skills/packages/source-provider-api/docs/backup-capability-contract.md,現行文書・案混在,現行文書,d0a16f1e23ffd8d937400835ac7adcd0263bfcd0cb6a517551a9c7db43de9044
provider-runtime/docs/backup-consumer-integration-checkpoint.md,provider-runtime,未追跡,実装・検証記録,Gitは再現条件と結論、作業実体は対象外,provider-runtime/docs/verification/ または所有するコンポーネント,対応コード・テスト・入力版と結び付ける。共通説明を参照化し、履歴を一括削除しない,57,29,d4624b4d1e3970889f308738bb52368c56c627e972b19b41ff91e2aae99ebce0,全文機械照合、表題・状態・責務の確認。主要な重複群は本文比較,provider-runtime/docs/archive/backup-consumer-integration-checkpoint.md,対象版・条件・結果を履歴化。旧進捗は現行キューにしない,provider-runtime/docs/archive/backup-consumer-integration-checkpoint.md（全文保持、移動時はリンクを調整）,履歴・進捗混在,履歴,20b73424d7148652dcbcf2909a269f271a2c2815faa522ce8046774f28b7bf32
provider-runtime/docs/backup-consumer-requirements-review.md,provider-runtime,未追跡,実装・検証記録,Gitは再現条件と結論、作業実体は対象外,provider-runtime/docs/verification/ または所有するコンポーネント,対応コード・テスト・入力版と結び付ける。共通説明を参照化し、履歴を一括削除しない,116,114,fc852ba5931b55bab3344cfa615cfdd54d7718c5039401d2a37769654b2b3c33,全文機械照合、表題・状態・責務の確認。主要な重複群は本文比較,provider-runtime/docs/archive/backup-consumer-requirements-review.md,対象版・条件・結果を履歴化。旧進捗は現行キューにしない,provider-runtime/docs/archive/backup-consumer-requirements-review.md（全文保持、移動時はリンクを調整）,履歴・進捗混在,履歴,9d01b3c7d1dec06e0b2e3b5dada3ce355c927136350f768814c817939034928e
provider-runtime/docs/backup-gate-local-correction-checkpoint.md,provider-runtime,未追跡,実装・検証記録,Gitは再現条件と結論、作業実体は対象外,provider-runtime/docs/verification/ または所有するコンポーネント,対応コード・テスト・入力版と結び付ける。共通説明を参照化し、履歴を一括削除しない,106,87,0b8111cae948685e20532be352c7e9ad6040862f5fb37a9d04f348ee8a89a09c,全文機械照合、表題・状態・責務の確認。主要な重複群は本文比較,provider-runtime/docs/archive/backup-gate-local-correction-checkpoint.md,対象版・条件・結果を履歴化。旧進捗は現行キューにしない,provider-runtime/docs/archive/backup-gate-local-correction-checkpoint.md（全文保持、移動時はリンクを調整）,履歴・進捗混在,履歴,c7e86a322edfe05f7d4778d9e1db8353f769839bc6ee5870758fa9da8b7e6fd9
provider-runtime/docs/backup-live-smoke-preflight-checkpoint.md,provider-runtime,未追跡,実装・検証記録,Gitは再現条件と結論、作業実体は対象外,provider-runtime/docs/verification/ または所有するコンポーネント,対応コード・テスト・入力版と結び付ける。共通説明を参照化し、履歴を一括削除しない,276,"231,232,234",e4f89652677ab03f366032404896bb4e7b5d5da0cb136d650216fb692d4bf1f2,全文機械照合、表題・状態・責務の確認。主要な重複群は本文比較,provider-runtime/docs/archive/backup-live-smoke-preflight-checkpoint.md,対象版・条件・結果を履歴化。旧進捗は現行キューにしない,provider-runtime/docs/archive/backup-live-smoke-preflight-checkpoint.md（全文保持、移動時はリンクを調整）,履歴・進捗混在,履歴,a9de408ee50af97cd043c2ea3cc004d8caa30ae8be88eca8d7a285bfc892edec
provider-runtime/docs/backup-offline-artifact-evidence-checkpoint.md,provider-runtime,未追跡,実装・検証記録,Gitは再現条件と結論、作業実体は対象外,provider-runtime/docs/verification/ または所有するコンポーネント,対応コード・テスト・入力版と結び付ける。共通説明を参照化し、履歴を一括削除しない,100,,8374d7fe4c0752adf4c8d3a3eb5d3c6fc7ac60d7cdf400245bab34f670fea2e7,全文機械照合、表題・状態・責務の確認。主要な重複群は本文比較,provider-runtime/docs/archive/backup-offline-artifact-evidence-checkpoint.md,対象版・条件・結果を履歴化。旧進捗は現行キューにしない,provider-runtime/docs/archive/backup-offline-artifact-evidence-checkpoint.md（全文保持、移動時はリンクを調整）,履歴・進捗混在,履歴,69ff56b181538ed45dbb4c60fe1214e475f86e2d4b36de88df17ca9858d61356
provider-runtime/docs/backup-roundtrip-checkpoint.md,provider-runtime,未追跡,実装・検証記録,Gitは再現条件と結論、作業実体は対象外,provider-runtime/docs/verification/ または所有するコンポーネント,対応コード・テスト・入力版と結び付ける。共通説明を参照化し、履歴を一括削除しない,78,,48759e986b3d1f3a2fea97bab83a45ae7af189683b4be404e24ffb1ec81fa334,全文機械照合、表題・状態・責務の確認。主要な重複群は本文比較,provider-runtime/docs/archive/backup-roundtrip-checkpoint.md,対象版・条件・結果を履歴化。旧進捗は現行キューにしない,provider-runtime/docs/archive/backup-roundtrip-checkpoint.md（全文保持、移動時はリンクを調整）,履歴・進捗混在,履歴,b29dcf6b804ca0e83d5c98716bd0640e917bd629b302939c2727d664320446ae
provider-runtime/docs/backup-roundtrip-result.md,provider-runtime,未追跡,実装・検証記録,Gitは再現条件と結論、作業実体は対象外,provider-runtime/docs/verification/ または所有するコンポーネント,対応コード・テスト・入力版と結び付ける。共通説明を参照化し、履歴を一括削除しない,64,,606edbaf59fdc5b0b01de12e32ce57a62ae0dfd8d6ecb27aeca2045209871723,全文機械照合、表題・状態・責務の確認。主要な重複群は本文比較,provider-runtime/docs/archive/backup-roundtrip-result.md,対象版・条件・結果を履歴化。旧進捗は現行キューにしない,provider-runtime/docs/archive/backup-roundtrip-result.md（全文保持、移動時はリンクを調整）,履歴・進捗混在,履歴,c42c5038612931b3db8a18b4179700ec304989c1ed10e9cad982e41be5f8ec31
provider-runtime/docs/v2-backup-hardening-design.md,provider-runtime,未追跡,複数所有者にまたがる契約案,Gitで仕様と決定を保持,共通契約の所有repo + Providerのknowledge/ + Runtimeのdocs/,正規化契約・サービス操作・接続・未採用案を区別して統合。本文の意味は再確認が必要,279,,bd89b066a3b7fd045e223720418016bdea0af951d321a8da8fb9c62c75cf21b3,全文機械照合、表題・状態・責務の確認。主要な重複群は本文比較,provider-runtime/skills/live-agency-skills/docs/backup-hardening.md,§1–5の業務復元契約はSkills、§6–11の実装/検証はRuntime archive。通常Base backupの共通前提へ拡大しない,provider-runtime/skills/live-agency-skills/docs/backup-hardening.md; provider-runtime/docs/archive/backup-hardening-evidence.md,現行文書・案混在,現行文書,22b66fad58325e661b512caa0123fd54855611ec005922a4428032f1418c0739
provider-runtime/docs/v2-capability-inventory.md,provider-runtime,追跡済み,全体の責務・移行一覧,Git継続,docs/architecture/capabilities.md + docs/migration/status.md,能力の所有を全体仕様へ、変動する完了状況をstatusへ分離,211,,7888849b8d13029a9cbcb55481cb1754d269460034a7d9fcb4e2a1cb16da2a15,全文機械照合、表題・状態・責務の確認。主要な重複群は本文比較,docs/architecture/capabilities.md,§1–6の責務/能力/権限表から進捗列を除いて正本へ。§7–8と元表の進捗はarchive、現在の完了限界だけstatus。profile/metricの不要なarchive記述は既存個別契約へ整合,docs/architecture/capabilities.md; docs/migration/status.md; docs/archive/v2-capability-inventory.md,現行文書・案混在,現行文書,68802fae5b8191c1e0b5c955e3a4885fc5426de0fe74f4f3882a2cd5d3a74c35
provider-runtime/docs/v2-full-base-backup-caller-contract.md,provider-runtime,未追跡,Runtimeの結線契約,Git対象（未追跡なら関連実装と記録）,provider-runtime/docs/,実装と共に維持。進捗・過去の権限情報は検証記録へ分離,494,,00fe11492eb50259b739f4948a82e3995f28287f910967a75c8a860bed99cf3a,全文機械照合、表題・状態・責務の確認。主要な重複群は本文比較,provider-runtime/docs/v2-full-base-backup-caller-contract.md,現行のcaller/IO/結線/例外契約を維持。完了済み実装brief §5・7は既存conformance履歴へ,provider-runtime/docs/v2-full-base-backup-caller-contract.md; provider-runtime/docs/archive/v2-native-backup-caller-conformance.md,現行文書・案混在,現行文書,c93e4d8ffc4c34f7c83157b585896753e4940f9d64c9eccdbb6dbdfc8cd8d73b
provider-runtime/docs/v2-identity-model-decision-gate.md,provider-runtime,追跡済み,横断業務モデルの決定,Git継続,docs/domain/model.md,全体業務モデルへ採用済み意味を統合。決定理由と履歴を保持,199,,198c3a00ea6e09235035f75fbf6524a1c82ee369636934a76d779cd41b8e0a84,全文機械照合、表題・状態・責務の確認。主要な重複群は本文比較,docs/archive/v2-identity-model-decision-gate.md,§1–5の採用済み意味はmodel §4.5、§6の測定・§7の後続課題と元図は履歴で保持。Actor/共有UUID案は不採用のまま,docs/domain/model.md#45-account-identity-and-continuity; docs/archive/v2-identity-model-decision-gate.md,現行文書・案混在,履歴,039fb49141ac9f8c19b450ceb80b30da9ad6d7e2fbc9a4eab3e876d189681572
provider-runtime/docs/v2-insight-caller-conformance.md,provider-runtime,未追跡,実装・検証記録,Gitは再現条件と結論、作業実体は対象外,provider-runtime/docs/verification/ または所有するコンポーネント,対応コード・テスト・入力版と結び付ける。共通説明を参照化し、履歴を一括削除しない,206,"23,109,148,150,152,154,156,158,160,162,164,166,168,170,172,174,176,178,180,182,184,186,188,190,192,194,196,198,200,202,204,206",81935fa47ea106629848babbc1a0f15c53375574cadee1afac57e7010c443e31,全文機械照合、表題・状態・責務の確認。主要な重複群は本文比較,provider-runtime/docs/archive/v2-insight-caller-conformance.md,対象版・条件・結果を履歴化。旧進捗は現行キューにしない。追加承認：固定caller JSON9件と一致/移行状態テストを廃止、関連リンクを退役表示/必要時調査へ。独立2テストは保持,provider-runtime/docs/archive/v2-insight-caller-conformance.md（全文保持、移動時はリンクを調整）,履歴・進捗混在,履歴,535fa2bc70e54910840fae38dfa1931bbc281b107bed8a9b44ea61b3bad2db4f
provider-runtime/docs/v2-invitation-caller-conformance.md,provider-runtime,未追跡,実装・検証記録,Gitは再現条件と結論、作業実体は対象外,provider-runtime/docs/verification/ または所有するコンポーネント,対応コード・テスト・入力版と結び付ける。共通説明を参照化し、履歴を一括削除しない,132,"58,60,72,119",46230176bc8730cc54d31958db2ea2f99b0af2b652f3e228fa1c4a17660b76f2,全文機械照合、表題・状態・責務の確認。主要な重複群は本文比較,provider-runtime/docs/archive/v2-invitation-caller-conformance.md,対象版・条件・結果を履歴化。旧進捗は現行キューにしない。追加承認：固定caller JSON9件と一致/移行状態テストを廃止、関連リンクを退役表示/必要時調査へ。独立2テストは保持,provider-runtime/docs/archive/v2-invitation-caller-conformance.md（全文保持、移動時はリンクを調整）,履歴・進捗混在,履歴,8fe73db4d7781fb6636bf7c916fa065b40d4749498b9c478669fd03e507c94d8
provider-runtime/docs/v2-invitation-compaction-caller-conformance.md,provider-runtime,未追跡,実装・検証記録,Gitは再現条件と結論、作業実体は対象外,provider-runtime/docs/verification/ または所有するコンポーネント,対応コード・テスト・入力版と結び付ける。共通説明を参照化し、履歴を一括削除しない,120,103,2655d1ef71e7a9a2748a3a5419ab209d2374b3cd3ff08a709a80b44609816909,全文機械照合、表題・状態・責務の確認。主要な重複群は本文比較,provider-runtime/docs/archive/v2-invitation-compaction-caller-conformance.md,対象版・条件・結果を履歴化。旧進捗は現行キューにしない,provider-runtime/docs/archive/v2-invitation-compaction-caller-conformance.md（全文保持、移動時はリンクを調整）,履歴・進捗混在,履歴,9db0e9d34e59037f8e2202c2fa5f0ef9c42dcc1b733e1cd47663dd78effb8c31
provider-runtime/docs/v2-lark-api-principal-selection.md,provider-runtime,追跡済み,共通選択方針とLark実装の混在,Git継続,docs/architecture/ + provider-runtime/packages/lark-core/docs/ + provider-runtime/docs/,全体の明示選択方針、Lark共通API契約、Runtime設定接続を区分。全文を一箇所へ移さない,180,,af21b5731639f59486e845c8f42359adb8d63c2afce8d42cbf660a5a2c29322d,全文機械照合、表題・状態・責務の確認。主要な重複群は本文比較,provider-runtime/packages/lark-core/docs/principal-selection.md,Outcome/Profile/transport/verificationはcore。current delta/completionはRuntime結線の受入範囲。旧package表はarchive。全体不変条件はoverviewから参照,provider-runtime/packages/lark-core/docs/principal-selection.md; provider-runtime/docs/configuration.md; provider-runtime/docs/archive/lark-selection-migration.md; docs/architecture/overview.md,現行文書・案混在,現行文書,e42501c0b2fe9d7151688c7b7d56e210927e25b3a24da14bbd3d9f0d6d53c46d
provider-runtime/docs/v2-live-history-caller-conformance.md,provider-runtime,未追跡,実装・検証記録,Gitは再現条件と結論、作業実体は対象外,provider-runtime/docs/verification/ または所有するコンポーネント,対応コード・テスト・入力版と結び付ける。共通説明を参照化し、履歴を一括削除しない,184,"125,134,163,164,165,166,167,168,169,170,171,172,173,174,175,176,177,178,179,180,181,182,183,184",52504d4d73f24db3c61af73c8a2635ffe706ea7579ed45ffbd42f8dae5baa9b8,全文機械照合、表題・状態・責務の確認。主要な重複群は本文比較,provider-runtime/docs/archive/v2-live-history-caller-conformance.md,対象版・条件・結果を履歴化。旧進捗は現行キューにしない。追加承認：固定caller JSON9件と一致/移行状態テストを廃止、関連リンクを退役表示/必要時調査へ。独立2テストは保持,provider-runtime/docs/archive/v2-live-history-caller-conformance.md（全文保持、移動時はリンクを調整）,履歴・進捗混在,履歴,c8a5b97ce8d40a90ac37457e2baf4ad28f10cdc077dd4f9676b63fbedf8ecd85
provider-runtime/docs/v2-live-history-compaction-caller-conformance.md,provider-runtime,未追跡,実装・検証記録,Gitは再現条件と結論、作業実体は対象外,provider-runtime/docs/verification/ または所有するコンポーネント,対応コード・テスト・入力版と結び付ける。共通説明を参照化し、履歴を一括削除しない,209,"19,190",c8fac16847cf4437524307f20711503462f880d92bf3787031f64224d8d96a72,全文機械照合、表題・状態・責務の確認。主要な重複群は本文比較,provider-runtime/docs/archive/v2-live-history-compaction-caller-conformance.md,対象版・条件・結果を履歴化。旧進捗は現行キューにしない,provider-runtime/docs/archive/v2-live-history-compaction-caller-conformance.md（全文保持、移動時はリンクを調整）,履歴・進捗混在,履歴,f542d8df16b101b9cbf86b17af0cc3a9055f70f0e4ba8e2799f0dc7b75804aa7
provider-runtime/docs/v2-live-history-compaction-execution-conformance.md,provider-runtime,未追跡,実装・検証記録,Gitは再現条件と結論、作業実体は対象外,provider-runtime/docs/verification/ または所有するコンポーネント,対応コード・テスト・入力版と結び付ける。共通説明を参照化し、履歴を一括削除しない,198,"4,131,143,185,189",bc4550fb4f3633714feff608773ef97741fe90364b17ddbb5811849c914a042d,全文機械照合、表題・状態・責務の確認。主要な重複群は本文比較,provider-runtime/docs/archive/v2-live-history-compaction-execution-conformance.md,対象版・条件・結果を履歴化。旧進捗は現行キューにしない,provider-runtime/docs/archive/v2-live-history-compaction-execution-conformance.md（全文保持、移動時はリンクを調整）,履歴・進捗混在,履歴,9f1daaf01e16ddddc88ddd62a17cc2c45546be0a1364c471f24a157c038a5c55
provider-runtime/docs/v2-live-metrics-compaction-caller-conformance.md,provider-runtime,未追跡,実装・検証記録,Gitは再現条件と結論、作業実体は対象外,provider-runtime/docs/verification/ または所有するコンポーネント,対応コード・テスト・入力版と結び付ける。共通説明を参照化し、履歴を一括削除しない,161,"4,148",6d711434ad7f9e384c9c31122f169342ca1701fc3238f9ecf7aa03f94f945642,全文機械照合、表題・状態・責務の確認。主要な重複群は本文比較,provider-runtime/docs/archive/v2-live-metrics-compaction-caller-conformance.md,対象版・条件・結果を履歴化。旧進捗は現行キューにしない,provider-runtime/docs/archive/v2-live-metrics-compaction-caller-conformance.md（全文保持、移動時はリンクを調整）,履歴・進捗混在,履歴,4a876ff0f0a539c8757b79ff052dd239271ddddf9ed5ec8861bb6f10fcef6a4b
provider-runtime/docs/v2-m2-lark-data-model-plan.md,provider-runtime,追跡済み,業務モデルとLark実装の混在,Git継続,docs/domain/model.md + provider-runtime/providers/lark-base/knowledge/,業務不変条件とLarkのフィールド・関連付けを分離,353,,ecec36fe7c186a98401cc6087526f42d64992f9cde9bd38f5e78bc2a0e6ecd9b,全文機械照合、表題・状態・責務の確認。主要な重複群は本文比較,provider-runtime/providers/lark-base/knowledge/data-model.md,§2.1・3–7のBase固有対応/操作条件はknowledge。§1・8の測定/完了はarchive。§2のidentity意味はmodel正本へ統合,provider-runtime/providers/lark-base/knowledge/data-model.md; provider-runtime/providers/lark-base/docs/archive/m2-data-model-evidence.md; docs/domain/model.md,現行文書・案混在,配布資源,295e7868d8e49767e5ba1fdd6f7ca23566a63e208088ee96cc13e978d1314431
provider-runtime/docs/v2-m2u-2b-attachment-authorization-checkpoint.md,provider-runtime,未追跡,実装・検証記録,Gitは再現条件と結論、作業実体は対象外,provider-runtime/docs/verification/ または所有するコンポーネント,対応コード・テスト・入力版と結び付ける。共通説明を参照化し、履歴を一括削除しない,681,"112,113,440,538,638,671",19e920f46682652aff0d6fc45627c4caba6d4dcf411d40c1f3a3eeb76c7d67ec,全文機械照合、表題・状態・責務の確認。主要な重複群は本文比較,provider-runtime/docs/archive/v2-m2u-2b-attachment-authorization-checkpoint.md,対象版・条件・結果を履歴化。旧進捗は現行キューにしない,provider-runtime/docs/archive/v2-m2u-2b-attachment-authorization-checkpoint.md（全文保持、移動時はリンクを調整）,履歴・進捗混在,履歴,2e59d7e0d50deaec09fda0b6f5dde93c1a15842f9ff1f91804d485273213c407
provider-runtime/docs/v2-m2u-2b-attachment-cli-conformance.md,provider-runtime,未追跡,実装・検証記録,Gitは再現条件と結論、作業実体は対象外,provider-runtime/docs/verification/ または所有するコンポーネント,対応コード・テスト・入力版と結び付ける。共通説明を参照化し、履歴を一括削除しない,138,"68,69,70",658dd504096f69028311e42a370802fe1110efda642f04b22b8d50f98ccc3be2,全文機械照合、表題・状態・責務の確認。主要な重複群は本文比較,provider-runtime/docs/archive/v2-m2u-2b-attachment-cli-conformance.md,対象版・条件・結果を履歴化。旧進捗は現行キューにしない,provider-runtime/docs/archive/v2-m2u-2b-attachment-cli-conformance.md（全文保持、移動時はリンクを調整）,履歴・進捗混在,履歴,87e169697426af876878f0fe6b5a2c1298680342d96bc87bf427de6c45187420
provider-runtime/docs/v2-m2u-2b-attachment-evidence-owner-review.md,provider-runtime,未追跡,実装・検証記録,Gitは再現条件と結論、作業実体は対象外,provider-runtime/docs/verification/ または所有するコンポーネント,対応コード・テスト・入力版と結び付ける。共通説明を参照化し、履歴を一括削除しない,139,,9708538661145c815998c75d8db375b7fd84d6a6ffbbea0302aa646afba8510b,全文機械照合、表題・状態・責務の確認。主要な重複群は本文比較,provider-runtime/docs/archive/v2-m2u-2b-attachment-evidence-owner-review.md,対象版・条件・結果を履歴化。旧進捗は現行キューにしない,provider-runtime/docs/archive/v2-m2u-2b-attachment-evidence-owner-review.md（全文保持、移動時はリンクを調整）,履歴・進捗混在,履歴,213ef4191c196f84945f01301882e14b099a789d89bdb66377e8531369a65695
provider-runtime/docs/v2-m2u-4a-gift-projection-checkpoint.md,provider-runtime,未追跡,実装・検証記録,Gitは再現条件と結論、作業実体は対象外,provider-runtime/docs/verification/ または所有するコンポーネント,対応コード・テスト・入力版と結び付ける。共通説明を参照化し、履歴を一括削除しない,297,"49,271",c166c711b3a43efa8f5953aa658677b9f605625d10455cd3c57e269d3beb0f68,全文機械照合、表題・状態・責務の確認。主要な重複群は本文比較,provider-runtime/docs/archive/v2-m2u-4a-gift-projection-checkpoint.md,対象版・条件・結果を履歴化。旧進捗は現行キューにしない,provider-runtime/docs/archive/v2-m2u-4a-gift-projection-checkpoint.md（全文保持、移動時はリンクを調整）,履歴・進捗混在,履歴,37c893831b55881fc4b7b91b52d3d550025c4ab0623c0814dd4d047d9ff2530b
provider-runtime/docs/v2-m2u-4b-attachment-acquisition.md,provider-runtime,未追跡,実装・検証記録,Gitは再現条件と結論、作業実体は対象外,provider-runtime/docs/verification/ または所有するコンポーネント,対応コード・テスト・入力版と結び付ける。共通説明を参照化し、履歴を一括削除しない,201,,36c55768bd687d27af984b7de5f256a0b3cb52974171facc184600fdc3c13b36,全文機械照合、表題・状態・責務の確認。主要な重複群は本文比較,provider-runtime/docs/archive/v2-m2u-4b-attachment-acquisition.md,対象版・条件・結果を履歴化。旧進捗は現行キューにしない,provider-runtime/docs/archive/v2-m2u-4b-attachment-acquisition.md（全文保持、移動時はリンクを調整）,履歴・進捗混在,履歴,29a44efc95307048b4400fcae25cc5ea307788ccdc3c8c5de96237f8bfea266b
provider-runtime/docs/v2-m2u-cli-benchmark.md,provider-runtime,追跡済み,実装・検証記録,Gitは再現条件と結論、作業実体は対象外,provider-runtime/docs/verification/ または所有するコンポーネント,対応コード・テスト・入力版と結び付ける。共通説明を参照化し、履歴を一括削除しない,30,,b062360a51dc8b1a7e3ea4d0b83eadaff5c6f54cfb782a115d167fa7fb732dd1,全文機械照合、表題・状態・責務の確認。主要な重複群は本文比較,provider-runtime/docs/archive/v2-m2u-cli-benchmark.md,対象版・条件・結果を履歴化。旧進捗は現行キューにしない,provider-runtime/docs/archive/v2-m2u-cli-benchmark.md（全文保持、移動時はリンクを調整）,履歴・進捗混在,履歴,9dd9f1a6b20fa42ba2c47a3653ce1f345a7cd819f211c41234318f27564cc486
provider-runtime/docs/v2-m2u-inventory-and-contract.md,provider-runtime,追跡済み,実装・検証記録,Gitは再現条件と結論、作業実体は対象外,provider-runtime/docs/verification/ または所有するコンポーネント,対応コード・テスト・入力版と結び付ける。共通説明を参照化し、履歴を一括削除しない,138,,7dc22dc48f06cf95ed9d1cb5909694b1ad8ddaa673a8134142267f978c83a638,全文機械照合、表題・状態・責務の確認。主要な重複群は本文比較,provider-runtime/docs/archive/v2-m2u-inventory-and-contract.md,対象版・条件・結果を履歴化。旧進捗は現行キューにしない。追加承認：固定caller JSON9件と一致/移行状態テストを廃止、関連リンクを退役表示/必要時調査へ。独立2テストは保持,provider-runtime/docs/archive/v2-m2u-inventory-and-contract.md（全文保持、移動時はリンクを調整）,履歴・進捗混在,履歴,f6a9359c7cb1b3a9f9432f1dd6db8138f87d6e483f2374be8318a35c7408a982
provider-runtime/docs/v2-m2u-task-plan.md,provider-runtime,追跡済み,移行作業・切替記録,Gitで要点を保持,docs/migration/status.md + docs/archive/,残る作業だけstatusへ。過去の候補・切替条件を現在の開始指示にしない,86,,9a138cbae8ba38f9e56fb91679b549a58a9a6e4009dce1909cb57b2823a545ac,全文機械照合、表題・状態・責務の確認。主要な重複群は本文比較,provider-runtime/docs/archive/v2-m2u-task-plan.md,対象版・条件・結果を履歴化。旧進捗は現行キューにしない,provider-runtime/docs/archive/v2-m2u-task-plan.md（全文保持、移動時はリンクを調整）,履歴・進捗混在,履歴,44829ce1363c9406073005cf4a49f417c00868f78314635fb0f8388caae1ab6b
provider-runtime/docs/v2-m2u-transport-checkpoint.md,provider-runtime,追跡済み,実装・検証記録,Gitは再現条件と結論、作業実体は対象外,provider-runtime/docs/verification/ または所有するコンポーネント,対応コード・テスト・入力版と結び付ける。共通説明を参照化し、履歴を一括削除しない,70,"62,64",f453ece2e1a0559d0b4402db112c483e7088314e8f770333ea188f1d239f80cc,全文機械照合、表題・状態・責務の確認。主要な重複群は本文比較,provider-runtime/docs/archive/v2-m2u-transport-checkpoint.md,対象版・条件・結果を履歴化。旧進捗は現行キューにしない,provider-runtime/docs/archive/v2-m2u-transport-checkpoint.md（全文保持、移動時はリンクを調整）,履歴・進捗混在,履歴,a2f68e3ad2a3aa740ce3434038d92a62bcc277b657e95fd27764ab95b69ee05d
provider-runtime/docs/v2-m4-wave1-scheduled-cutover.md,provider-runtime,追跡済み,移行作業・切替記録,Gitで要点を保持,docs/migration/status.md + docs/archive/,残る作業だけstatusへ。過去の候補・切替条件を現在の開始指示にしない,127,,21c57e612a1454175d4d043a84ded781d32fd4b55e53016746ce35542296d6c8,全文機械照合、表題・状態・責務の確認。主要な重複群は本文比較,provider-runtime/docs/archive/v2-m4-wave1-scheduled-cutover.md,対象版・条件・結果を履歴化。旧進捗は現行キューにしない,provider-runtime/docs/archive/v2-m4-wave1-scheduled-cutover.md（全文保持、移動時はリンクを調整）,履歴・進捗混在,履歴,9116d376b3920f0dc7cce77adbc99730477c274b6c4ac4db4e554f22a4035ff1
provider-runtime/docs/v2-m4i-conversation-message-contract.md,provider-runtime,追跡済み,MCPのドメイン契約,Git継続,provider-runtime/mcp/live-agency-operations/docs/conversation-message-contract.md,契約を実装するMCP repositoryへ。具体的な運用scopeや進捗は別記録へ,719,,9832a8c21c327c8707d7e26e8d4861c7c7d6de65794a8d79b139fa4fee576f3d,全文機械照合、表題・状態・責務の確認。主要な重複群は本文比較,provider-runtime/mcp/live-agency-operations/docs/conversation-message-contract.md,契約の所有先へ移動し、現行契約・提案・検証履歴を分離,provider-runtime/mcp/live-agency-operations/docs/conversation-message-contract.md（全文保持、移動時はリンクを調整）,現行文書・案混在,現行文書,9832a8c21c327c8707d7e26e8d4861c7c7d6de65794a8d79b139fa4fee576f3d
provider-runtime/docs/v2-m7-2-commit-boundary-manifest.md,provider-runtime,追跡済み,移行作業・切替記録,Gitで要点を保持,docs/migration/status.md + docs/archive/,残る作業だけstatusへ。過去の候補・切替条件を現在の開始指示にしない,179,,e94814d70f12b7f16267e9833e89da37a1cc0203ed8fc97270e71c722a8f4fb0,全文機械照合、表題・状態・責務の確認。主要な重複群は本文比較,provider-runtime/docs/archive/v2-m7-2-commit-boundary-manifest.md,対象版・条件・結果を履歴化。旧進捗は現行キューにしない,provider-runtime/docs/archive/v2-m7-2-commit-boundary-manifest.md（全文保持、移動時はリンクを調整）,履歴・進捗混在,履歴,9826e1ffea3ec8f894b45fe9d6c873f47616cfb6688adec00d5c2a835005049c
provider-runtime/docs/v2-native-backup-caller-conformance.md,provider-runtime,未追跡,実装・検証記録,Gitは再現条件と結論、作業実体は対象外,provider-runtime/docs/verification/ または所有するコンポーネント,対応コード・テスト・入力版と結び付ける。共通説明を参照化し、履歴を一括削除しない,140,"20,123,124,125,126,127,128,129,130,131,132,133,134,135,136,137,138,139,140",69b159a9a482ceebdbd37f044e203b7f24fcf1024774c1117cf2c155372b6c3c,全文機械照合、表題・状態・責務の確認。主要な重複群は本文比較,provider-runtime/docs/archive/v2-native-backup-caller-conformance.md,対象版・条件・結果を履歴化。旧進捗は現行キューにしない。追加承認：固定caller JSON9件と一致/移行状態テストを廃止、関連リンクを退役表示/必要時調査へ。独立2テストは保持,provider-runtime/docs/archive/v2-native-backup-caller-conformance.md（全文保持、移動時はリンクを調整）,履歴・進捗混在,履歴,517f53bce8edb03bebd9b46298d9af3ab4daf462135f5ac61e1d99e235394946
provider-runtime/docs/v2-profile-caller-conformance.md,provider-runtime,未追跡,実装・検証記録,Gitは再現条件と結論、作業実体は対象外,provider-runtime/docs/verification/ または所有するコンポーネント,対応コード・テスト・入力版と結び付ける。共通説明を参照化し、履歴を一括削除しない,142,"86,92,120",7f26d01bad224080b266f7073210850e80f6e36b552b11b24036d7a5bff754b8,全文機械照合、表題・状態・責務の確認。主要な重複群は本文比較,provider-runtime/docs/archive/v2-profile-caller-conformance.md,対象版・条件・結果を履歴化。旧進捗は現行キューにしない,provider-runtime/docs/archive/v2-profile-caller-conformance.md（全文保持、移動時はリンクを調整）,履歴・進捗混在,履歴,ef9fb514dca1c027aeaa0c7951f5a1a5b59476f4a0dcd514f4cfa2413b7676b7
provider-runtime/docs/v2-profile-compaction-caller-conformance.md,provider-runtime,未追跡,実装・検証記録,Gitは再現条件と結論、作業実体は対象外,provider-runtime/docs/verification/ または所有するコンポーネント,対応コード・テスト・入力版と結び付ける。共通説明を参照化し、履歴を一括削除しない,156,"126,140",5b5b4209e30f2b5c3b6189dbccac7c01d501e9efb4e0532eab02a454663899f4,全文機械照合、表題・状態・責務の確認。主要な重複群は本文比較,provider-runtime/docs/archive/v2-profile-compaction-caller-conformance.md,対象版・条件・結果を履歴化。旧進捗は現行キューにしない,provider-runtime/docs/archive/v2-profile-compaction-caller-conformance.md（全文保持、移動時はリンクを調整）,履歴・進捗混在,履歴,1b5d3ee01f7289f5ca68fced2d9fb8203a0e17a5d6bc4a0c0625d2d0c76d0314
provider-runtime/docs/v2-row-archive-storage-conformance.md,provider-runtime,未追跡,実装・検証記録,Gitは再現条件と結論、作業実体は対象外,provider-runtime/docs/verification/ または所有するコンポーネント,対応コード・テスト・入力版と結び付ける。共通説明を参照化し、履歴を一括削除しない,159,"78,86,132",be418a16201e11ed22b0479d767c704d75914e565d0af3447dd7ad18eddc0670,全文機械照合、表題・状態・責務の確認。主要な重複群は本文比較,provider-runtime/docs/archive/v2-row-archive-storage-conformance.md,対象版・条件・結果を履歴化。旧進捗は現行キューにしない,provider-runtime/docs/archive/v2-row-archive-storage-conformance.md（全文保持、移動時はリンクを調整）,履歴・進捗混在,履歴,04df1b1e3f8788dd4d144e9652bce7869e1a8a8256a6fd98ddfc7e4b7b1cba0f
provider-runtime/docs/v2-row-archive-storage-contract.md,provider-runtime,未追跡,Runtimeの結線契約,Git対象（未追跡なら関連実装と記録）,provider-runtime/docs/,実装と共に維持。進捗・過去の権限情報は検証記録へ分離,367,5,0c16386ddbc8234501e644dff3b27c934ab983026c67eb37cbe446f6e3054917,全文機械照合、表題・状態・責務の確認。主要な重複群は本文比較,provider-runtime/docs/v2-row-archive-storage-contract.md,維持：所有先と役割が一致。業務契約の再審査・機能変更なし,provider-runtime/docs/v2-row-archive-storage-contract.md（全文保持、移動時はリンクを調整）,現行文書・案混在,現行文書,2f688e9c431a6ad51d83b0189c1b2b5712163eab9030fd651abfed7213a207d2
provider-runtime/docs/v2-selected-avatar-media-contract.md,provider-runtime,未追跡,複数所有者にまたがる契約案,Gitで仕様と決定を保持,共通契約の所有repo + Providerのknowledge/ + Runtimeのdocs/,正規化契約・サービス操作・接続・未採用案を区別して統合。本文の意味は再確認が必要,371,"5,369",c09536bc1b1330924aed76fe0e43fec8d7358d1e234826ea1da8e1b70156de23,全文機械照合、表題・状態・責務の確認。主要な重複群は本文比較,provider-runtime/providers/lark-base/docs/reviews/selected-avatar-media-contract.md,契約の所有先へ移動し、現行契約・提案・検証履歴を分離,provider-runtime/providers/lark-base/docs/reviews/selected-avatar-media-contract.md（全文保持、移動時はリンクを調整）,現行文書・案混在,レビュー,d53101cb78a0515289b2c529f2c496ef7b57fe3518a37cfe1bdd0e4bb2d1f903
provider-runtime/mcp/live-agency-operations/README.md,provider-runtime/mcp/live-agency-operations,追跡済み,コンポーネント文書,Git対象,provider-runtime/mcp/live-agency-operations/README.md,実装を所有するrepositoryで維持,273,,58e421708263d06bcc06b942e4f7eb4685b359999789147f63c5f1a8246216b2,全文の機械照合と表題・状態。個別意味の統合は未実施,provider-runtime/mcp/live-agency-operations/README.md,維持：所有先と役割が一致。業務契約の再審査・機能変更なし,provider-runtime/mcp/live-agency-operations/README.md（全文保持、移動時はリンクを調整）,現行文書・案混在,現行文書,58e421708263d06bcc06b942e4f7eb4685b359999789147f63c5f1a8246216b2
provider-runtime/packages/lark-core/README.md,provider-runtime,追跡済み,コンポーネント文書,Git対象,provider-runtime/packages/lark-core/README.md,実装を所有するrepositoryで維持,27,,42a7b7e9a13b044977c41ab1c819e895ad9521e197355da57d8be2e4a458645d,全文の機械照合と表題・状態。個別意味の統合は未実施,provider-runtime/packages/lark-core/README.md,維持：所有先と役割が一致。業務契約の再審査・機能変更なし,provider-runtime/packages/lark-core/README.md（全文保持、移動時はリンクを調整）,現行文書・案混在,現行文書,42a7b7e9a13b044977c41ab1c819e895ad9521e197355da57d8be2e4a458645d
provider-runtime/providers/backstage/README.md,provider-runtime/providers/backstage,追跡済み,Provider仕様・知識・利用手順,Git対象（Providerの公開範囲を維持）,provider-runtime/providers/backstage/README.md,Provider repository内で維持。正規化契約の重複は参照化し、サービス固有の差分を残す,25,,41ae1bb53ffa58ae80b590907bf1d39000cacad279fc96c677b1990dd58be624,全文の機械照合と表題・状態。個別意味の統合は未実施,provider-runtime/providers/backstage/README.md,維持：所有先と役割が一致。業務契約の再審査・機能変更なし,provider-runtime/providers/backstage/README.md（全文保持、移動時はリンクを調整）,現行文書・案混在,現行文書,41ae1bb53ffa58ae80b590907bf1d39000cacad279fc96c677b1990dd58be624
provider-runtime/providers/backstage/instructions/activity-observation.md,provider-runtime/providers/backstage,追跡済み,Provider仕様・知識・利用手順,Git対象（Providerの公開範囲を維持）,provider-runtime/providers/backstage/instructions/activity-observation.md,Provider repository内で維持。正規化契約の重複は参照化し、サービス固有の差分を残す,26,,7e8760372f6428ac4ef87d08795c44794795753d988870a78e1ddb00138a4cbd,全文の機械照合と表題・状態。個別意味の統合は未実施,provider-runtime/providers/backstage/instructions/activity-observation.md,維持：所有先と役割が一致。業務契約の再審査・機能変更なし,provider-runtime/providers/backstage/instructions/activity-observation.md（全文保持、移動時はリンクを調整）,配布資源,配布資源,7e8760372f6428ac4ef87d08795c44794795753d988870a78e1ddb00138a4cbd
provider-runtime/providers/backstage/instructions/invitation-eligibility-observation.md,provider-runtime/providers/backstage,追跡済み,Provider仕様・知識・利用手順,Git対象（Providerの公開範囲を維持）,provider-runtime/providers/backstage/instructions/invitation-eligibility-observation.md,Provider repository内で維持。正規化契約の重複は参照化し、サービス固有の差分を残す,47,,8f343f1a8024aad0c4d5cee8ce29f72e73a9965291d9d290cec997850bbdc144,全文の機械照合と表題・状態。個別意味の統合は未実施,provider-runtime/providers/backstage/instructions/invitation-eligibility-observation.md,維持：所有先と役割が一致。業務契約の再審査・機能変更なし,provider-runtime/providers/backstage/instructions/invitation-eligibility-observation.md（全文保持、移動時はリンクを調整）,配布資源,配布資源,8f343f1a8024aad0c4d5cee8ce29f72e73a9965291d9d290cec997850bbdc144
provider-runtime/providers/backstage/knowledge/activity-surfaces.md,provider-runtime/providers/backstage,追跡済み,Provider仕様・知識・利用手順,Git対象（Providerの公開範囲を維持）,provider-runtime/providers/backstage/knowledge/activity-surfaces.md,Provider repository内で維持。正規化契約の重複は参照化し、サービス固有の差分を残す,27,,b4900446285972933a2f01d2420d82242eaca16aa9179bdca339728de205ab4c,全文の機械照合と表題・状態。個別意味の統合は未実施,provider-runtime/providers/backstage/knowledge/activity-surfaces.md,維持：所有先と役割が一致。業務契約の再審査・機能変更なし,provider-runtime/providers/backstage/knowledge/activity-surfaces.md（全文保持、移動時はリンクを調整）,配布資源,配布資源,b4900446285972933a2f01d2420d82242eaca16aa9179bdca339728de205ab4c
provider-runtime/providers/backstage/knowledge/common-policy.md,provider-runtime/providers/backstage,追跡済み,Provider仕様・知識・利用手順,Git対象（Providerの公開範囲を維持）,provider-runtime/providers/backstage/knowledge/common-policy.md,Provider repository内で維持。正規化契約の重複は参照化し、サービス固有の差分を残す,27,,337f758ddb327d2491df1aa3caf3e0976cb1d9b33692a10742a329a74f78e629,全文の機械照合と表題・状態。個別意味の統合は未実施,provider-runtime/providers/backstage/knowledge/common-policy.md,維持：所有先と役割が一致。業務契約の再審査・機能変更なし,provider-runtime/providers/backstage/knowledge/common-policy.md（全文保持、移動時はリンクを調整）,配布資源,配布資源,337f758ddb327d2491df1aa3caf3e0976cb1d9b33692a10742a329a74f78e629
provider-runtime/providers/backstage/knowledge/incentive-surface.md,provider-runtime/providers/backstage,追跡済み,Provider仕様・知識・利用手順,Git対象（Providerの公開範囲を維持）,provider-runtime/providers/backstage/knowledge/incentive-surface.md,Provider repository内で維持。正規化契約の重複は参照化し、サービス固有の差分を残す,63,,97e22d20b6453b5e0077bd57102c3f0330a18bb25c246030ddb79fee32e6d18a,全文の機械照合と表題・状態。個別意味の統合は未実施,provider-runtime/providers/backstage/knowledge/incentive-surface.md,維持：所有先と役割が一致。業務契約の再審査・機能変更なし,provider-runtime/providers/backstage/knowledge/incentive-surface.md（全文保持、移動時はリンクを調整）,配布資源,配布資源,97e22d20b6453b5e0077bd57102c3f0330a18bb25c246030ddb79fee32e6d18a
provider-runtime/providers/backstage/knowledge/invitation-eligibility-surface.md,provider-runtime/providers/backstage,追跡済み,Provider仕様・知識・利用手順,Git対象（Providerの公開範囲を維持）,provider-runtime/providers/backstage/knowledge/invitation-eligibility-surface.md,Provider repository内で維持。正規化契約の重複は参照化し、サービス固有の差分を残す,46,,3b921416353e711270f00623c3acfbcba9dd93cc60b47051900e526dba9bf00f,全文の機械照合と表題・状態。個別意味の統合は未実施,provider-runtime/providers/backstage/knowledge/invitation-eligibility-surface.md,維持：所有先と役割が一致。業務契約の再審査・機能変更なし,provider-runtime/providers/backstage/knowledge/invitation-eligibility-surface.md（全文保持、移動時はリンクを調整）,配布資源,配布資源,3b921416353e711270f00623c3acfbcba9dd93cc60b47051900e526dba9bf00f
provider-runtime/providers/backstage/knowledge/invitation-progress-surface.md,provider-runtime/providers/backstage,追跡済み,Provider仕様・知識・利用手順,Git対象（Providerの公開範囲を維持）,provider-runtime/providers/backstage/knowledge/invitation-progress-surface.md,Provider repository内で維持。正規化契約の重複は参照化し、サービス固有の差分を残す,26,,2a74124daccb60430a0902632e36367f03fa22877b769b275139dce424a886ff,全文の機械照合と表題・状態。個別意味の統合は未実施,provider-runtime/providers/backstage/knowledge/invitation-progress-surface.md,維持：所有先と役割が一致。業務契約の再審査・機能変更なし,provider-runtime/providers/backstage/knowledge/invitation-progress-surface.md（全文保持、移動時はリンクを調整）,配布資源,配布資源,2a74124daccb60430a0902632e36367f03fa22877b769b275139dce424a886ff
provider-runtime/providers/backstage/knowledge/source-catalog.md,provider-runtime/providers/backstage,追跡済み,Provider仕様・知識・利用手順,Git対象（Providerの公開範囲を維持）,provider-runtime/providers/backstage/knowledge/source-catalog.md,Provider repository内で維持。正規化契約の重複は参照化し、サービス固有の差分を残す,72,,956bf7e74a3eae6b77d94b3f3bc7933e7ef050ae243f2309358fb847f0cc5817,全文の機械照合と表題・状態。個別意味の統合は未実施,provider-runtime/providers/backstage/knowledge/source-catalog.md,維持：所有先と役割が一致。業務契約の再審査・機能変更なし,provider-runtime/providers/backstage/knowledge/source-catalog.md（全文保持、移動時はリンクを調整）,配布資源,配布資源,956bf7e74a3eae6b77d94b3f3bc7933e7ef050ae243f2309358fb847f0cc5817
provider-runtime/providers/google-drive/README.md,provider-runtime/providers/google-drive,追跡済み,Provider仕様・知識・利用手順,Git対象（Providerの公開範囲を維持）,provider-runtime/providers/google-drive/README.md,Provider repository内で維持。正規化契約の重複は参照化し、サービス固有の差分を残す,23,,25600435ec53ccf3d60a84e0649c76f8a48c1f5f24e2f2c03c5dfc62e7249884,全文の機械照合と表題・状態。個別意味の統合は未実施,provider-runtime/providers/google-drive/README.md,維持：所有先と役割が一致。業務契約の再審査・機能変更なし,provider-runtime/providers/google-drive/README.md（全文保持、移動時はリンクを調整）,現行文書・案混在,現行文書,25600435ec53ccf3d60a84e0649c76f8a48c1f5f24e2f2c03c5dfc62e7249884
provider-runtime/providers/google-drive/instructions/backup-storage.md,provider-runtime/providers/google-drive,追跡済み,Provider仕様・知識・利用手順,Git対象（Providerの公開範囲を維持）,provider-runtime/providers/google-drive/instructions/backup-storage.md,Provider repository内で維持。正規化契約の重複は参照化し、サービス固有の差分を残す,93,,3b77f11318a30f41d0030138e23967ce118904ddd9289b060f4a16a20412b45b,全文の機械照合と表題・状態。個別意味の統合は未実施,provider-runtime/providers/google-drive/instructions/backup-storage.md,維持：所有先と役割が一致。業務契約の再審査・機能変更なし,provider-runtime/providers/google-drive/instructions/backup-storage.md（全文保持、移動時はリンクを調整）,配布資源,配布資源,3b77f11318a30f41d0030138e23967ce118904ddd9289b060f4a16a20412b45b
provider-runtime/providers/google-drive/knowledge/row-archive-storage-v1.md,provider-runtime/providers/google-drive,未追跡,Provider仕様・知識・利用手順,Git対象（Providerの公開範囲を維持）,provider-runtime/providers/google-drive/knowledge/row-archive-storage-v1.md,Provider repository内で維持。正規化契約の重複は参照化し、サービス固有の差分を残す,43,,56c393547e2cfc3a1882e33a0b40598e3d5a114dd9c01817464070a3fce5dff0,全文の機械照合と表題・状態。個別意味の統合は未実施,provider-runtime/providers/google-drive/knowledge/row-archive-storage-v1.md,維持：所有先と役割が一致。業務契約の再審査・機能変更なし,provider-runtime/providers/google-drive/knowledge/row-archive-storage-v1.md（全文保持、移動時はリンクを調整）,配布資源,配布資源,56c393547e2cfc3a1882e33a0b40598e3d5a114dd9c01817464070a3fce5dff0
provider-runtime/providers/google-drive/knowledge/storage-policy.md,provider-runtime/providers/google-drive,追跡済み,Provider仕様・知識・利用手順,Git対象（Providerの公開範囲を維持）,provider-runtime/providers/google-drive/knowledge/storage-policy.md,Provider repository内で維持。正規化契約の重複は参照化し、サービス固有の差分を残す,30,,064dfdeec0859d87a85d06d115ff53a0777c7104d73c99e46c04ab218019c3cc,全文の機械照合と表題・状態。個別意味の統合は未実施,provider-runtime/providers/google-drive/knowledge/storage-policy.md,維持：所有先と役割が一致。業務契約の再審査・機能変更なし,provider-runtime/providers/google-drive/knowledge/storage-policy.md（全文保持、移動時はリンクを調整）,配布資源,配布資源,064dfdeec0859d87a85d06d115ff53a0777c7104d73c99e46c04ab218019c3cc
provider-runtime/providers/lark-base/README.md,provider-runtime/providers/lark-base,追跡済み,Provider仕様・知識・利用手順,Git対象（Providerの公開範囲を維持）,provider-runtime/providers/lark-base/README.md,Provider repository内で維持。正規化契約の重複は参照化し、サービス固有の差分を残す,94,,04fc59b46b97a7da376e849c1168368230451a14069acc8cc94f8f04344143a1,全文の機械照合と表題・状態。個別意味の統合は未実施,provider-runtime/providers/lark-base/README.md,維持：所有先と役割が一致。業務契約の再審査・機能変更なし,provider-runtime/providers/lark-base/README.md（全文保持、移動時はリンクを調整）,現行文書・案混在,現行文書,04fc59b46b97a7da376e849c1168368230451a14069acc8cc94f8f04344143a1
provider-runtime/providers/lark-base/instructions/attachment-key-evidence.md,provider-runtime/providers/lark-base,追跡済み,Provider仕様・知識・利用手順,Git対象（Providerの公開範囲を維持）,provider-runtime/providers/lark-base/instructions/attachment-key-evidence.md,Provider repository内で維持。正規化契約の重複は参照化し、サービス固有の差分を残す,143,,7c34771b54e620d1bb968f783f0a5a8ab60d270c59c4118f470da75ce13c28a2,全文の機械照合と表題・状態。個別意味の統合は未実施,provider-runtime/providers/lark-base/instructions/attachment-key-evidence.md,維持：所有先と役割が一致。業務契約の再審査・機能変更なし,provider-runtime/providers/lark-base/instructions/attachment-key-evidence.md（全文保持、移動時はリンクを調整）,配布資源,配布資源,7c34771b54e620d1bb968f783f0a5a8ab60d270c59c4118f470da75ce13c28a2
provider-runtime/providers/lark-base/instructions/attachment-package.md,provider-runtime/providers/lark-base,追跡済み,Provider仕様・知識・利用手順,Git対象（Providerの公開範囲を維持）,provider-runtime/providers/lark-base/instructions/attachment-package.md,Provider repository内で維持。正規化契約の重複は参照化し、サービス固有の差分を残す,225,,5cdbab70b81e36eb232e2282f4292d18669826b68972c56375bf0dc7fa355880,全文の機械照合と表題・状態。個別意味の統合は未実施,provider-runtime/providers/lark-base/instructions/attachment-package.md,維持：所有先と役割が一致。業務契約の再審査・機能変更なし,provider-runtime/providers/lark-base/instructions/attachment-package.md（全文保持、移動時はリンクを調整）,配布資源,配布資源,5cdbab70b81e36eb232e2282f4292d18669826b68972c56375bf0dc7fa355880
provider-runtime/providers/lark-base/instructions/attachment-restore-execution.md,provider-runtime/providers/lark-base,追跡済み,Provider仕様・知識・利用手順,Git対象（Providerの公開範囲を維持）,provider-runtime/providers/lark-base/instructions/attachment-restore-execution.md,Provider repository内で維持。正規化契約の重複は参照化し、サービス固有の差分を残す,118,,13d41e74ee5055bed5dc6d3cfa17d4e86cf109113b5f8833bb713979e05748d5,全文の機械照合と表題・状態。個別意味の統合は未実施,provider-runtime/providers/lark-base/instructions/attachment-restore-execution.md,維持：所有先と役割が一致。業務契約の再審査・機能変更なし,provider-runtime/providers/lark-base/instructions/attachment-restore-execution.md（全文保持、移動時はリンクを調整）,配布資源,配布資源,13d41e74ee5055bed5dc6d3cfa17d4e86cf109113b5f8833bb713979e05748d5
provider-runtime/providers/lark-base/instructions/attachment-restore-plan.md,provider-runtime/providers/lark-base,追跡済み,Provider仕様・知識・利用手順,Git対象（Providerの公開範囲を維持）,provider-runtime/providers/lark-base/instructions/attachment-restore-plan.md,Provider repository内で維持。正規化契約の重複は参照化し、サービス固有の差分を残す,121,,6f7f6eb1a37a3b5c73286c2005c14a88a76070b3aa8813c2b758c9eeabe9e71a,全文の機械照合と表題・状態。個別意味の統合は未実施,provider-runtime/providers/lark-base/instructions/attachment-restore-plan.md,維持：所有先と役割が一致。業務契約の再審査・機能変更なし,provider-runtime/providers/lark-base/instructions/attachment-restore-plan.md（全文保持、移動時はリンクを調整）,配布資源,配布資源,6f7f6eb1a37a3b5c73286c2005c14a88a76070b3aa8813c2b758c9eeabe9e71a
provider-runtime/providers/lark-base/instructions/full-base-backup.md,provider-runtime/providers/lark-base,追跡済み,Provider仕様・知識・利用手順,Git対象（Providerの公開範囲を維持）,provider-runtime/providers/lark-base/instructions/full-base-backup.md,Provider repository内で維持。正規化契約の重複は参照化し、サービス固有の差分を残す,106,,830a35ee0cfe9ad0e06b81620c535e831db6d0a46c7515ef88d2b0751631e88c,全文の機械照合と表題・状態。個別意味の統合は未実施,provider-runtime/providers/lark-base/instructions/full-base-backup.md,維持：所有先と役割が一致。業務契約の再審査・機能変更なし,provider-runtime/providers/lark-base/instructions/full-base-backup.md（全文保持、移動時はリンクを調整）,配布資源,配布資源,830a35ee0cfe9ad0e06b81620c535e831db6d0a46c7515ef88d2b0751631e88c
provider-runtime/providers/lark-base/knowledge/access-policy.md,provider-runtime/providers/lark-base,追跡済み,Provider仕様・知識・利用手順,Git対象（Providerの公開範囲を維持）,provider-runtime/providers/lark-base/knowledge/access-policy.md,Provider repository内で維持。正規化契約の重複は参照化し、サービス固有の差分を残す,342,,436619187afa5cf43d0f2029a81855568909481f71343669a82650f95cb3b828,全文の機械照合と表題・状態。個別意味の統合は未実施,provider-runtime/providers/lark-base/knowledge/access-policy.md,維持：所有先と役割が一致。業務契約の再審査・機能変更なし,provider-runtime/providers/lark-base/knowledge/access-policy.md（全文保持、移動時はリンクを調整）,配布資源,配布資源,436619187afa5cf43d0f2029a81855568909481f71343669a82650f95cb3b828
provider-runtime/providers/lark-base/knowledge/gift-projection-selected.md,provider-runtime/providers/lark-base,未追跡,Provider仕様・知識・利用手順,Git対象（Providerの公開範囲を維持）,provider-runtime/providers/lark-base/knowledge/gift-projection-selected.md,Provider repository内で維持。正規化契約の重複は参照化し、サービス固有の差分を残す,44,,06ad1ef4fba15fdbe6268f71acb04d7c0fa9c89ad906627838e989d32787e8d1,全文の機械照合と表題・状態。個別意味の統合は未実施,provider-runtime/providers/lark-base/knowledge/gift-projection-selected.md,維持：所有先と役割が一致。業務契約の再審査・機能変更なし,provider-runtime/providers/lark-base/knowledge/gift-projection-selected.md（全文保持、移動時はリンクを調整）,配布資源,配布資源,06ad1ef4fba15fdbe6268f71acb04d7c0fa9c89ad906627838e989d32787e8d1
provider-runtime/providers/lark-base/knowledge/insight-selected-client.md,provider-runtime/providers/lark-base,未追跡,Provider仕様・知識・利用手順,Git対象（Providerの公開範囲を維持）,provider-runtime/providers/lark-base/knowledge/insight-selected-client.md,Provider repository内で維持。正規化契約の重複は参照化し、サービス固有の差分を残す,47,,b62c8cfdd8ba6d6bbdcce79dbcbd37bc5dcf0497ac1604c0ecb4b6853a83e2da,全文の機械照合と表題・状態。個別意味の統合は未実施,provider-runtime/providers/lark-base/knowledge/insight-selected-client.md,維持：所有先と役割が一致。業務契約の再審査・機能変更なし,provider-runtime/providers/lark-base/knowledge/insight-selected-client.md（全文保持、移動時はリンクを調整）,配布資源,配布資源,b62c8cfdd8ba6d6bbdcce79dbcbd37bc5dcf0497ac1604c0ecb4b6853a83e2da
provider-runtime/providers/lark-base/knowledge/invitation-compaction-selected-client.md,provider-runtime/providers/lark-base,未追跡,Provider仕様・知識・利用手順,Git対象（Providerの公開範囲を維持）,provider-runtime/providers/lark-base/knowledge/invitation-compaction-selected-client.md,Provider repository内で維持。正規化契約の重複は参照化し、サービス固有の差分を残す,47,,71742919384122ede14a0ad7708ec473a569ed1d2be8e5693f8464da9f892018,全文の機械照合と表題・状態。個別意味の統合は未実施,provider-runtime/providers/lark-base/knowledge/invitation-compaction-selected-client.md,維持：所有先と役割が一致。業務契約の再審査・機能変更なし,provider-runtime/providers/lark-base/knowledge/invitation-compaction-selected-client.md（全文保持、移動時はリンクを調整）,配布資源,配布資源,71742919384122ede14a0ad7708ec473a569ed1d2be8e5693f8464da9f892018
provider-runtime/providers/lark-base/knowledge/invitation-selected-client.md,provider-runtime/providers/lark-base,未追跡,Provider仕様・知識・利用手順,Git対象（Providerの公開範囲を維持）,provider-runtime/providers/lark-base/knowledge/invitation-selected-client.md,Provider repository内で維持。正規化契約の重複は参照化し、サービス固有の差分を残す,61,,4f0558ba35da7298120139ccc2454c832fd35d2668dd75845083faa3f2cdff87,全文の機械照合と表題・状態。個別意味の統合は未実施,provider-runtime/providers/lark-base/knowledge/invitation-selected-client.md,維持：所有先と役割が一致。業務契約の再審査・機能変更なし,provider-runtime/providers/lark-base/knowledge/invitation-selected-client.md（全文保持、移動時はリンクを調整）,配布資源,配布資源,4f0558ba35da7298120139ccc2454c832fd35d2668dd75845083faa3f2cdff87
provider-runtime/providers/lark-base/knowledge/live-history-compaction-selected-client.md,provider-runtime/providers/lark-base,未追跡,Provider仕様・知識・利用手順,Git対象（Providerの公開範囲を維持）,provider-runtime/providers/lark-base/knowledge/live-history-compaction-selected-client.md,Provider repository内で維持。正規化契約の重複は参照化し、サービス固有の差分を残す,70,,92767dd7d667f79d63beb4ad4b574da5e66e8a6d464583e6b042375f9718f467,全文の機械照合と表題・状態。個別意味の統合は未実施,provider-runtime/providers/lark-base/knowledge/live-history-compaction-selected-client.md,維持：所有先と役割が一致。業務契約の再審査・機能変更なし,provider-runtime/providers/lark-base/knowledge/live-history-compaction-selected-client.md（全文保持、移動時はリンクを調整）,配布資源,配布資源,92767dd7d667f79d63beb4ad4b574da5e66e8a6d464583e6b042375f9718f467
provider-runtime/providers/lark-base/knowledge/live-history-selected-client.md,provider-runtime/providers/lark-base,未追跡,Provider仕様・知識・利用手順,Git対象（Providerの公開範囲を維持）,provider-runtime/providers/lark-base/knowledge/live-history-selected-client.md,Provider repository内で維持。正規化契約の重複は参照化し、サービス固有の差分を残す,50,,ab09bf10a7dd25b8950d85724c3d63708a93b6f538f460ff13bdc9acbb636e05,全文の機械照合と表題・状態。個別意味の統合は未実施,provider-runtime/providers/lark-base/knowledge/live-history-selected-client.md,維持：所有先と役割が一致。業務契約の再審査・機能変更なし,provider-runtime/providers/lark-base/knowledge/live-history-selected-client.md（全文保持、移動時はリンクを調整）,配布資源,配布資源,ab09bf10a7dd25b8950d85724c3d63708a93b6f538f460ff13bdc9acbb636e05
provider-runtime/providers/lark-base/knowledge/live-metrics-compaction-selected-client.md,provider-runtime/providers/lark-base,未追跡,Provider仕様・知識・利用手順,Git対象（Providerの公開範囲を維持）,provider-runtime/providers/lark-base/knowledge/live-metrics-compaction-selected-client.md,Provider repository内で維持。正規化契約の重複は参照化し、サービス固有の差分を残す,65,,c8a6e50230da00a0d789c105f626e3dc7f31f44e815ab3e72fac766845feefb2,全文の機械照合と表題・状態。個別意味の統合は未実施,provider-runtime/providers/lark-base/knowledge/live-metrics-compaction-selected-client.md,固有の対象/field数/媒体条件を保持。共通の操作拒否、plan/authorizeDeletes/readback、maintenance handoff説明を同Provider内へ統合。配布knowledgeから参照可,provider-runtime/providers/lark-base/knowledge/live-metrics-compaction-selected-client.md; provider-runtime/providers/lark-base/knowledge/compaction-selected-policy.md,配布資源,配布資源,ec934964278d5f2ba7ce46c8144da1bd34ed0f145a6cbfedf0eabdb2352f6018
provider-runtime/providers/lark-base/knowledge/profile-compaction-selected-client.md,provider-runtime/providers/lark-base,未追跡,Provider仕様・知識・利用手順,Git対象（Providerの公開範囲を維持）,provider-runtime/providers/lark-base/knowledge/profile-compaction-selected-client.md,Provider repository内で維持。正規化契約の重複は参照化し、サービス固有の差分を残す,66,,8d70c5a1412f0af9f2fcb7e8e1ea041b604f6690172ba6efdfc8529ffc43de12,全文の機械照合と表題・状態。個別意味の統合は未実施,provider-runtime/providers/lark-base/knowledge/profile-compaction-selected-client.md,固有の対象/field数/媒体条件を保持。共通の操作拒否、plan/authorizeDeletes/readback、maintenance handoff説明を同Provider内へ統合。配布knowledgeから参照可,provider-runtime/providers/lark-base/knowledge/profile-compaction-selected-client.md; provider-runtime/providers/lark-base/knowledge/compaction-selected-policy.md,配布資源,配布資源,eac01f6e99ac4c70ddc34b2e7ba9b8c109fbb8546b51395a031b131e383c1bbb
provider-runtime/providers/lark-base/knowledge/profile-selected-client.md,provider-runtime/providers/lark-base,未追跡,Provider仕様・知識・利用手順,Git対象（Providerの公開範囲を維持）,provider-runtime/providers/lark-base/knowledge/profile-selected-client.md,Provider repository内で維持。正規化契約の重複は参照化し、サービス固有の差分を残す,52,,9b77b01d575368e53d45314715b64de27cde54aa0be1fd476aba96eae93a9692,全文の機械照合と表題・状態。個別意味の統合は未実施,provider-runtime/providers/lark-base/knowledge/profile-selected-client.md,維持：所有先と役割が一致。業務契約の再審査・機能変更なし,provider-runtime/providers/lark-base/knowledge/profile-selected-client.md（全文保持、移動時はリンクを調整）,配布資源,配布資源,9b77b01d575368e53d45314715b64de27cde54aa0be1fd476aba96eae93a9692
provider-runtime/providers/lark-chat/README.md,provider-runtime/providers/lark-chat,追跡済み,Provider仕様・知識・利用手順,Git対象（Providerの公開範囲を維持）,provider-runtime/providers/lark-chat/README.md,Provider repository内で維持。正規化契約の重複は参照化し、サービス固有の差分を残す,40,,6215efc971fd1f9e3aa25c562b40edda1dd4d2ab95f065802f04c72df0c17b04,全文の機械照合と表題・状態。個別意味の統合は未実施,provider-runtime/providers/lark-chat/README.md,維持：所有先と役割が一致。業務契約の再審査・機能変更なし,provider-runtime/providers/lark-chat/README.md（全文保持、移動時はリンクを調整）,現行文書・案混在,現行文書,6215efc971fd1f9e3aa25c562b40edda1dd4d2ab95f065802f04c72df0c17b04
provider-runtime/providers/lark-chat/instructions/conversation-message-read.md,provider-runtime/providers/lark-chat,追跡済み,Provider仕様・知識・利用手順,Git対象（Providerの公開範囲を維持）,provider-runtime/providers/lark-chat/instructions/conversation-message-read.md,Provider repository内で維持。正規化契約の重複は参照化し、サービス固有の差分を残す,16,,92838a576e959a86cc3ce64beddf411bd95ae9f1642849672b6f03aa6cb9d9ad,全文の機械照合と表題・状態。個別意味の統合は未実施,provider-runtime/providers/lark-chat/instructions/conversation-message-read.md,維持：所有先と役割が一致。業務契約の再審査・機能変更なし,provider-runtime/providers/lark-chat/instructions/conversation-message-read.md（全文保持、移動時はリンクを調整）,配布資源,配布資源,92838a576e959a86cc3ce64beddf411bd95ae9f1642849672b6f03aa6cb9d9ad
provider-runtime/providers/lark-chat/knowledge/access-policy.md,provider-runtime/providers/lark-chat,追跡済み,Provider仕様・知識・利用手順,Git対象（Providerの公開範囲を維持）,provider-runtime/providers/lark-chat/knowledge/access-policy.md,Provider repository内で維持。正規化契約の重複は参照化し、サービス固有の差分を残す,24,,f02e8ecc5e5985f7ab98d45b4aecb3a0a362099699482420b34d244324620c10,全文の機械照合と表題・状態。個別意味の統合は未実施,provider-runtime/providers/lark-chat/knowledge/access-policy.md,維持：所有先と役割が一致。業務契約の再審査・機能変更なし,provider-runtime/providers/lark-chat/knowledge/access-policy.md（全文保持、移動時はリンクを調整）,配布資源,配布資源,f02e8ecc5e5985f7ab98d45b4aecb3a0a362099699482420b34d244324620c10
provider-runtime/providers/moneyforward-cloud-expense/README.md,provider-runtime/providers/moneyforward-cloud-expense,追跡済み,Provider仕様・知識・利用手順,Git対象（Providerの公開範囲を維持）,provider-runtime/providers/moneyforward-cloud-expense/README.md,Provider repository内で維持。正規化契約の重複は参照化し、サービス固有の差分を残す,145,72,2c750ceb9a9c852fdd10f0a07267a0b67b7afaa777786f3561d38582c3a342d5,全文の機械照合と表題・状態。個別意味の統合は未実施,provider-runtime/providers/moneyforward-cloud-expense/README.md,維持：所有先と役割が一致。業務契約の再審査・機能変更なし,provider-runtime/providers/moneyforward-cloud-expense/README.md（全文保持、移動時はリンクを調整）,現行文書・案混在,現行文書,2c750ceb9a9c852fdd10f0a07267a0b67b7afaa777786f3561d38582c3a342d5
provider-runtime/providers/moneyforward-cloud-expense/instructions/provider.md,provider-runtime/providers/moneyforward-cloud-expense,追跡済み,Provider仕様・知識・利用手順,Git対象（Providerの公開範囲を維持）,provider-runtime/providers/moneyforward-cloud-expense/instructions/provider.md,Provider repository内で維持。正規化契約の重複は参照化し、サービス固有の差分を残す,31,,301351acf85dc7b6d993b7439ebd5db53c51a4828d8577aaa69e0d06462ece4a,全文の機械照合と表題・状態。個別意味の統合は未実施,provider-runtime/providers/moneyforward-cloud-expense/instructions/provider.md,維持：所有先と役割が一致。業務契約の再審査・機能変更なし,provider-runtime/providers/moneyforward-cloud-expense/instructions/provider.md（全文保持、移動時はリンクを調整）,配布資源,配布資源,301351acf85dc7b6d993b7439ebd5db53c51a4828d8577aaa69e0d06462ece4a
provider-runtime/providers/moneyforward-cloud-expense/knowledge/accounting-and-registration.md,provider-runtime/providers/moneyforward-cloud-expense,追跡済み,Provider仕様・知識・利用手順,Git対象（Providerの公開範囲を維持）,provider-runtime/providers/moneyforward-cloud-expense/knowledge/accounting-and-registration.md,Provider repository内で維持。正規化契約の重複は参照化し、サービス固有の差分を残す,56,,c8c90cdd65ad5451000fcba2dcfa085671872a1e97083b63d4e8515fc1858bf8,全文の機械照合と表題・状態。個別意味の統合は未実施,provider-runtime/providers/moneyforward-cloud-expense/knowledge/accounting-and-registration.md,維持：所有先と役割が一致。業務契約の再審査・機能変更なし,provider-runtime/providers/moneyforward-cloud-expense/knowledge/accounting-and-registration.md（全文保持、移動時はリンクを調整）,配布資源,配布資源,c8c90cdd65ad5451000fcba2dcfa085671872a1e97083b63d4e8515fc1858bf8
provider-runtime/providers/moneyforward-cloud-expense/knowledge/candidate-surfaces.md,provider-runtime/providers/moneyforward-cloud-expense,追跡済み,Provider仕様・知識・利用手順,Git対象（Providerの公開範囲を維持）,provider-runtime/providers/moneyforward-cloud-expense/knowledge/candidate-surfaces.md,Provider repository内で維持。正規化契約の重複は参照化し、サービス固有の差分を残す,52,,434569824c0280e396a2c480a11c6ba9f6d20c18e0cc62dd3d8aa403370e70ed,全文の機械照合と表題・状態。個別意味の統合は未実施,provider-runtime/providers/moneyforward-cloud-expense/knowledge/candidate-surfaces.md,維持：所有先と役割が一致。業務契約の再審査・機能変更なし,provider-runtime/providers/moneyforward-cloud-expense/knowledge/candidate-surfaces.md（全文保持、移動時はリンクを調整）,配布資源,配布資源,434569824c0280e396a2c480a11c6ba9f6d20c18e0cc62dd3d8aa403370e70ed
provider-runtime/providers/moneyforward-cloud-expense/knowledge/common-policy.md,provider-runtime/providers/moneyforward-cloud-expense,追跡済み,Provider仕様・知識・利用手順,Git対象（Providerの公開範囲を維持）,provider-runtime/providers/moneyforward-cloud-expense/knowledge/common-policy.md,Provider repository内で維持。正規化契約の重複は参照化し、サービス固有の差分を残す,27,,6c0c492f8268cd52b1fc06bc3619e9beeced654430112e8452204c78d4b1fba8,全文の機械照合と表題・状態。個別意味の統合は未実施,provider-runtime/providers/moneyforward-cloud-expense/knowledge/common-policy.md,維持：所有先と役割が一致。業務契約の再審査・機能変更なし,provider-runtime/providers/moneyforward-cloud-expense/knowledge/common-policy.md（全文保持、移動時はリンクを調整）,配布資源,配布資源,6c0c492f8268cd52b1fc06bc3619e9beeced654430112e8452204c78d4b1fba8
provider-runtime/providers/moneyforward-cloud-expense/knowledge/official-api-surface.md,provider-runtime/providers/moneyforward-cloud-expense,追跡済み,Provider仕様・知識・利用手順,Git対象（Providerの公開範囲を維持）,provider-runtime/providers/moneyforward-cloud-expense/knowledge/official-api-surface.md,Provider repository内で維持。正規化契約の重複は参照化し、サービス固有の差分を残す,100,,f7ab4a3033fd82a6f0b247eb4ee919883ef3b983f0d505cd4d8a7f8615d8aeee,全文の機械照合と表題・状態。個別意味の統合は未実施,provider-runtime/providers/moneyforward-cloud-expense/knowledge/official-api-surface.md,維持：所有先と役割が一致。業務契約の再審査・機能変更なし,provider-runtime/providers/moneyforward-cloud-expense/knowledge/official-api-surface.md（全文保持、移動時はリンクを調整）,配布資源,配布資源,f7ab4a3033fd82a6f0b247eb4ee919883ef3b983f0d505cd4d8a7f8615d8aeee
provider-runtime/providers/moneyforward-cloud-expense/knowledge/weekly-application.md,provider-runtime/providers/moneyforward-cloud-expense,追跡済み,Provider仕様・知識・利用手順,Git対象（Providerの公開範囲を維持）,provider-runtime/providers/moneyforward-cloud-expense/knowledge/weekly-application.md,Provider repository内で維持。正規化契約の重複は参照化し、サービス固有の差分を残す,86,,bed6ea72af5dd20dd00df59bc25022982cafea92146dc621721059f385163975,全文の機械照合と表題・状態。個別意味の統合は未実施,provider-runtime/providers/moneyforward-cloud-expense/knowledge/weekly-application.md,維持：所有先と役割が一致。業務契約の再審査・機能変更なし,provider-runtime/providers/moneyforward-cloud-expense/knowledge/weekly-application.md（全文保持、移動時はリンクを調整）,配布資源,配布資源,bed6ea72af5dd20dd00df59bc25022982cafea92146dc621721059f385163975
provider-runtime/providers/tiktok-ios/README.md,provider-runtime/providers/tiktok-ios,追跡済み,Provider仕様・知識・利用手順,Git対象（Providerの公開範囲を維持）,provider-runtime/providers/tiktok-ios/README.md,Provider repository内で維持。正規化契約の重複は参照化し、サービス固有の差分を残す,15,,9be698dea0e8ada169b552e135d8130b8c96739eb5c3f2eae13a310e5370b37e,全文の機械照合と表題・状態。個別意味の統合は未実施,provider-runtime/providers/tiktok-ios/README.md,維持：所有先と役割が一致。業務契約の再審査・機能変更なし,provider-runtime/providers/tiktok-ios/README.md（全文保持、移動時はリンクを調整）,現行文書・案混在,現行文書,9be698dea0e8ada169b552e135d8130b8c96739eb5c3f2eae13a310e5370b37e
provider-runtime/providers/tiktok-ios/instructions/gift-history.md,provider-runtime/providers/tiktok-ios,追跡済み,Provider仕様・知識・利用手順,Git対象（Providerの公開範囲を維持）,provider-runtime/providers/tiktok-ios/instructions/gift-history.md,Provider repository内で維持。正規化契約の重複は参照化し、サービス固有の差分を残す,34,"18,21,29,30",9dc33c55eaecea2709506ababe9e4535f541a935aa153e1ede15e95fb35c243b,全文の機械照合と表題・状態。個別意味の統合は未実施,provider-runtime/providers/tiktok-ios/instructions/gift-history.md,維持：所有先と役割が一致。業務契約の再審査・機能変更なし,provider-runtime/providers/tiktok-ios/instructions/gift-history.md（全文保持、移動時はリンクを調整）,配布資源,配布資源,9dc33c55eaecea2709506ababe9e4535f541a935aa153e1ede15e95fb35c243b
provider-runtime/providers/tiktok-ios/instructions/live-history-observation.md,provider-runtime/providers/tiktok-ios,追跡済み,Provider仕様・知識・利用手順,Git対象（Providerの公開範囲を維持）,provider-runtime/providers/tiktok-ios/instructions/live-history-observation.md,Provider repository内で維持。正規化契約の重複は参照化し、サービス固有の差分を残す,17,,75e337749b478126f5675c49247b13f710c270d1cb57b9d95a29c11aae605c78,全文の機械照合と表題・状態。個別意味の統合は未実施,provider-runtime/providers/tiktok-ios/instructions/live-history-observation.md,維持：所有先と役割が一致。業務契約の再審査・機能変更なし,provider-runtime/providers/tiktok-ios/instructions/live-history-observation.md（全文保持、移動時はリンクを調整）,配布資源,配布資源,75e337749b478126f5675c49247b13f710c270d1cb57b9d95a29c11aae605c78
provider-runtime/providers/tiktok-ios/knowledge/common-policy.md,provider-runtime/providers/tiktok-ios,追跡済み,Provider仕様・知識・利用手順,Git対象（Providerの公開範囲を維持）,provider-runtime/providers/tiktok-ios/knowledge/common-policy.md,Provider repository内で維持。正規化契約の重複は参照化し、サービス固有の差分を残す,23,,13428314f3b24fb1e0e1297a96f8d8fdca70d534af34e1377865c741f560762c,全文の機械照合と表題・状態。個別意味の統合は未実施,provider-runtime/providers/tiktok-ios/knowledge/common-policy.md,維持：所有先と役割が一致。業務契約の再審査・機能変更なし,provider-runtime/providers/tiktok-ios/knowledge/common-policy.md（全文保持、移動時はリンクを調整）,配布資源,配布資源,13428314f3b24fb1e0e1297a96f8d8fdca70d534af34e1377865c741f560762c
provider-runtime/providers/tiktok-ios/knowledge/gift-export-surface.md,provider-runtime/providers/tiktok-ios,追跡済み,Provider仕様・知識・利用手順,Git対象（Providerの公開範囲を維持）,provider-runtime/providers/tiktok-ios/knowledge/gift-export-surface.md,Provider repository内で維持。正規化契約の重複は参照化し、サービス固有の差分を残す,41,,f9c917ace837470f3d800687d5281dc06720bb1ae1d0b6d29fb4bc9e06c52b53,全文の機械照合と表題・状態。個別意味の統合は未実施,provider-runtime/providers/tiktok-ios/knowledge/gift-export-surface.md,維持：所有先と役割が一致。業務契約の再審査・機能変更なし,provider-runtime/providers/tiktok-ios/knowledge/gift-export-surface.md（全文保持、移動時はリンクを調整）,配布資源,配布資源,f9c917ace837470f3d800687d5281dc06720bb1ae1d0b6d29fb4bc9e06c52b53
provider-runtime/providers/tiktok-ios/knowledge/live-history-surface.md,provider-runtime/providers/tiktok-ios,追跡済み,Provider仕様・知識・利用手順,Git対象（Providerの公開範囲を維持）,provider-runtime/providers/tiktok-ios/knowledge/live-history-surface.md,Provider repository内で維持。正規化契約の重複は参照化し、サービス固有の差分を残す,31,,f67d96480a1d5a4b75528512a1d10a85b8b80b305dd7737c5d7a5a6a44b8f5de,全文の機械照合と表題・状態。個別意味の統合は未実施,provider-runtime/providers/tiktok-ios/knowledge/live-history-surface.md,維持：所有先と役割が一致。業務契約の再審査・機能変更なし,provider-runtime/providers/tiktok-ios/knowledge/live-history-surface.md（全文保持、移動時はリンクを調整）,配布資源,配布資源,f67d96480a1d5a4b75528512a1d10a85b8b80b305dd7737c5d7a5a6a44b8f5de
provider-runtime/providers/tiktok-web/README.md,provider-runtime/providers/tiktok-web,追跡済み,Provider仕様・知識・利用手順,Git対象（Providerの公開範囲を維持）,provider-runtime/providers/tiktok-web/README.md,Provider repository内で維持。正規化契約の重複は参照化し、サービス固有の差分を残す,21,,81b1e448b0d6197dea8c96c3b991edc608fb21a561c2defb2f6892be385a1289,全文の機械照合と表題・状態。個別意味の統合は未実施,provider-runtime/providers/tiktok-web/README.md,維持：所有先と役割が一致。業務契約の再審査・機能変更なし,provider-runtime/providers/tiktok-web/README.md（全文保持、移動時はリンクを調整）,現行文書・案混在,現行文書,81b1e448b0d6197dea8c96c3b991edc608fb21a561c2defb2f6892be385a1289
provider-runtime/providers/tiktok-web/instructions/coin-purchase-evidence.md,provider-runtime/providers/tiktok-web,追跡済み,Provider仕様・知識・利用手順,Git対象（Providerの公開範囲を維持）,provider-runtime/providers/tiktok-web/instructions/coin-purchase-evidence.md,Provider repository内で維持。正規化契約の重複は参照化し、サービス固有の差分を残す,15,,50cb8c9479e457f1452f6b5ed038327690a9c4fcb3bd9bb3edb7dce3983e0c84,全文の機械照合と表題・状態。個別意味の統合は未実施,provider-runtime/providers/tiktok-web/instructions/coin-purchase-evidence.md,維持：所有先と役割が一致。業務契約の再審査・機能変更なし,provider-runtime/providers/tiktok-web/instructions/coin-purchase-evidence.md（全文保持、移動時はリンクを調整）,配布資源,配布資源,50cb8c9479e457f1452f6b5ed038327690a9c4fcb3bd9bb3edb7dce3983e0c84
provider-runtime/providers/tiktok-web/instructions/profile-observation.md,provider-runtime/providers/tiktok-web,追跡済み,Provider仕様・知識・利用手順,Git対象（Providerの公開範囲を維持）,provider-runtime/providers/tiktok-web/instructions/profile-observation.md,Provider repository内で維持。正規化契約の重複は参照化し、サービス固有の差分を残す,74,,0abc2e4b416e8527af82c206e27dc67c26164f28a74451680dc0452403f91652,全文の機械照合と表題・状態。個別意味の統合は未実施,provider-runtime/providers/tiktok-web/instructions/profile-observation.md,維持：所有先と役割が一致。業務契約の再審査・機能変更なし,provider-runtime/providers/tiktok-web/instructions/profile-observation.md（全文保持、移動時はリンクを調整）,配布資源,配布資源,0abc2e4b416e8527af82c206e27dc67c26164f28a74451680dc0452403f91652
provider-runtime/providers/tiktok-web/knowledge/coin-transaction-surface.md,provider-runtime/providers/tiktok-web,追跡済み,Provider仕様・知識・利用手順,Git対象（Providerの公開範囲を維持）,provider-runtime/providers/tiktok-web/knowledge/coin-transaction-surface.md,Provider repository内で維持。正規化契約の重複は参照化し、サービス固有の差分を残す,36,,708d8bf61e985e8b7ee1c587684f5d9ac4170dc3cdd2dbbdfbd9291101a244c1,全文の機械照合と表題・状態。個別意味の統合は未実施,provider-runtime/providers/tiktok-web/knowledge/coin-transaction-surface.md,維持：所有先と役割が一致。業務契約の再審査・機能変更なし,provider-runtime/providers/tiktok-web/knowledge/coin-transaction-surface.md（全文保持、移動時はリンクを調整）,配布資源,配布資源,708d8bf61e985e8b7ee1c587684f5d9ac4170dc3cdd2dbbdfbd9291101a244c1
provider-runtime/providers/tiktok-web/knowledge/common-policy.md,provider-runtime/providers/tiktok-web,追跡済み,Provider仕様・知識・利用手順,Git対象（Providerの公開範囲を維持）,provider-runtime/providers/tiktok-web/knowledge/common-policy.md,Provider repository内で維持。正規化契約の重複は参照化し、サービス固有の差分を残す,26,,3e899992f98534bb2d6963b8fe6cc32dc22ac6d3cc80f1e8593fb7fedff4af89,全文の機械照合と表題・状態。個別意味の統合は未実施,provider-runtime/providers/tiktok-web/knowledge/common-policy.md,維持：所有先と役割が一致。業務契約の再審査・機能変更なし,provider-runtime/providers/tiktok-web/knowledge/common-policy.md（全文保持、移動時はリンクを調整）,配布資源,配布資源,3e899992f98534bb2d6963b8fe6cc32dc22ac6d3cc80f1e8593fb7fedff4af89
provider-runtime/providers/tiktok-web/knowledge/public-profile-surface.md,provider-runtime/providers/tiktok-web,追跡済み,Provider仕様・知識・利用手順,Git対象（Providerの公開範囲を維持）,provider-runtime/providers/tiktok-web/knowledge/public-profile-surface.md,Provider repository内で維持。正規化契約の重複は参照化し、サービス固有の差分を残す,153,109,a2b913b4b3dbfe680debd902a40114a1de65f86c697b261fc535456d9fed099c,全文の機械照合と表題・状態。個別意味の統合は未実施,provider-runtime/providers/tiktok-web/knowledge/public-profile-surface.md,維持：所有先と役割が一致。業務契約の再審査・機能変更なし,provider-runtime/providers/tiktok-web/knowledge/public-profile-surface.md（全文保持、移動時はリンクを調整）,配布資源,配布資源,a2b913b4b3dbfe680debd902a40114a1de65f86c697b261fc535456d9fed099c
provider-runtime/skills/live-agency-skills/README.md,provider-runtime/skills/live-agency-skills,追跡済み,Skill仕様・利用手順,Git対象（未追跡なら関連実装と記録）,provider-runtime/skills/live-agency-skills/README.md,Skill repositoryで維持。個別業務仕様と配布に必要な資源を保持,86,,b0b1a43d0d588de1ba4fe325f279e1fc279d13cb93e3e83dbe5a8faaa16e9879,全文の機械照合と表題・状態。個別意味の統合は未実施,provider-runtime/skills/live-agency-skills/README.md,維持：所有先と役割が一致。業務契約の再審査・機能変更なし,provider-runtime/skills/live-agency-skills/README.md（全文保持、移動時はリンクを調整）,現行文書・案混在,現行文書,b0b1a43d0d588de1ba4fe325f279e1fc279d13cb93e3e83dbe5a8faaa16e9879
provider-runtime/skills/live-agency-skills/SECURITY.md,provider-runtime/skills/live-agency-skills,追跡済み,Skill仕様・利用手順,Git対象（未追跡なら関連実装と記録）,provider-runtime/skills/live-agency-skills/SECURITY.md,Skill repositoryで維持。個別業務仕様と配布に必要な資源を保持,10,,722d5276bde332f012e1d917d30901500ba5eb2541bb11d7178c7b04243f0867,全文の機械照合と表題・状態。個別意味の統合は未実施,provider-runtime/skills/live-agency-skills/SECURITY.md,維持：所有先と役割が一致。業務契約の再審査・機能変更なし,provider-runtime/skills/live-agency-skills/SECURITY.md（全文保持、移動時はリンクを調整）,現行文書・案混在,現行文書,722d5276bde332f012e1d917d30901500ba5eb2541bb11d7178c7b04243f0867
provider-runtime/skills/live-agency-skills/docs/migration-roadmap.md,provider-runtime/skills/live-agency-skills,追跡済み,Skill仕様・利用手順,Git対象（未追跡なら関連実装と記録）,provider-runtime/skills/live-agency-skills/docs/migration-roadmap.md,Skill repositoryで維持。個別業務仕様と配布に必要な資源を保持,62,,d92d58c2af437ac27d9391d99d346921d375b2e32a0b147139134e3affa3c9c2,全文の機械照合と表題・状態。個別意味の統合は未実施,provider-runtime/skills/live-agency-skills/docs/migration-roadmap.md,維持：所有先と役割が一致。業務契約の再審査・機能変更なし,provider-runtime/skills/live-agency-skills/docs/migration-roadmap.md（全文保持、移動時はリンクを調整）,現行文書・案混在,現行文書,d92d58c2af437ac27d9391d99d346921d375b2e32a0b147139134e3affa3c9c2
provider-runtime/skills/live-agency-skills/docs/provider-architecture.md,provider-runtime/skills/live-agency-skills,追跡済み,Skill仕様・利用手順,Git対象（未追跡なら関連実装と記録）,provider-runtime/skills/live-agency-skills/docs/provider-architecture.md,Skill repositoryで維持。個別業務仕様と配布に必要な資源を保持,158,,f69eb2fa78e2db299895394eacd5c380eeecca123d09e6b7acad9cb800887f58,全文の機械照合と表題・状態。個別意味の統合は未実施,provider-runtime/skills/live-agency-skills/docs/provider-architecture.md,維持：所有先と役割が一致。業務契約の再審査・機能変更なし,provider-runtime/skills/live-agency-skills/docs/provider-architecture.md（全文保持、移動時はリンクを調整）,現行文書・案混在,現行文書,f69eb2fa78e2db299895394eacd5c380eeecca123d09e6b7acad9cb800887f58
provider-runtime/skills/live-agency-skills/fixtures/coin-purchase-instruction-provider/instructions/provider.md,provider-runtime/skills/live-agency-skills,追跡済み,テスト用文書,Git継続,provider-runtime/skills/live-agency-skills/fixtures/coin-purchase-instruction-provider/instructions/provider.md,テスト入力として維持。文章が似ていることを理由に統合しない,3,,1b64737d92a94cce8bf6b7df3d680825bdb6bb685c666fe8fe0499a84f7038d2,全文の機械照合と表題・状態。個別意味の統合は未実施,provider-runtime/skills/live-agency-skills/fixtures/coin-purchase-instruction-provider/instructions/provider.md,維持：所有先と役割が一致。業務契約の再審査・機能変更なし,provider-runtime/skills/live-agency-skills/fixtures/coin-purchase-instruction-provider/instructions/provider.md（全文保持、移動時はリンクを調整）,配布資源,配布資源,1b64737d92a94cce8bf6b7df3d680825bdb6bb685c666fe8fe0499a84f7038d2
provider-runtime/skills/live-agency-skills/fixtures/expense-instruction-provider/instructions/provider.md,provider-runtime/skills/live-agency-skills,追跡済み,テスト用文書,Git継続,provider-runtime/skills/live-agency-skills/fixtures/expense-instruction-provider/instructions/provider.md,テスト入力として維持。文章が似ていることを理由に統合しない,3,,96553afc7b9c3eadfea487079e3ecea60394dbef49941d1b1ca78bac43cffe38,全文の機械照合と表題・状態。個別意味の統合は未実施,provider-runtime/skills/live-agency-skills/fixtures/expense-instruction-provider/instructions/provider.md,維持：所有先と役割が一致。業務契約の再審査・機能変更なし,provider-runtime/skills/live-agency-skills/fixtures/expense-instruction-provider/instructions/provider.md（全文保持、移動時はリンクを調整）,配布資源,配布資源,96553afc7b9c3eadfea487079e3ecea60394dbef49941d1b1ca78bac43cffe38
provider-runtime/skills/live-agency-skills/fixtures/invitation-instruction-source/instructions/provider.md,provider-runtime/skills/live-agency-skills,追跡済み,テスト用文書,Git継続,provider-runtime/skills/live-agency-skills/fixtures/invitation-instruction-source/instructions/provider.md,テスト入力として維持。文章が似ていることを理由に統合しない,4,,a016ddf550aaf0285e4142c9fd6baf4f9473c7e5d2c175359da9971351cefb81,全文の機械照合と表題・状態。個別意味の統合は未実施,provider-runtime/skills/live-agency-skills/fixtures/invitation-instruction-source/instructions/provider.md,維持：所有先と役割が一致。業務契約の再審査・機能変更なし,provider-runtime/skills/live-agency-skills/fixtures/invitation-instruction-source/instructions/provider.md（全文保持、移動時はリンクを調整）,配布資源,配布資源,a016ddf550aaf0285e4142c9fd6baf4f9473c7e5d2c175359da9971351cefb81
provider-runtime/skills/live-agency-skills/fixtures/live-history-instruction-source/instructions/provider.md,provider-runtime/skills/live-agency-skills,追跡済み,テスト用文書,Git継続,provider-runtime/skills/live-agency-skills/fixtures/live-history-instruction-source/instructions/provider.md,テスト入力として維持。文章が似ていることを理由に統合しない,9,,2387daf5e7afcd9c444494d34bca56ea06f94c938cd8a49bc3c246229aa4735f,全文の機械照合と表題・状態。個別意味の統合は未実施,provider-runtime/skills/live-agency-skills/fixtures/live-history-instruction-source/instructions/provider.md,維持：所有先と役割が一致。業務契約の再審査・機能変更なし,provider-runtime/skills/live-agency-skills/fixtures/live-history-instruction-source/instructions/provider.md（全文保持、移動時はリンクを調整）,配布資源,配布資源,2387daf5e7afcd9c444494d34bca56ea06f94c938cd8a49bc3c246229aa4735f
provider-runtime/skills/live-agency-skills/fixtures/multi-binding-provider/instructions/invitation.md,provider-runtime/skills/live-agency-skills,追跡済み,テスト用文書,Git継続,provider-runtime/skills/live-agency-skills/fixtures/multi-binding-provider/instructions/invitation.md,テスト入力として維持。文章が似ていることを理由に統合しない,3,,a91174bf643839a6485f40f47a29f673b69aedec3103cca0f5ae25edcd7455ad,全文の機械照合と表題・状態。個別意味の統合は未実施,provider-runtime/skills/live-agency-skills/fixtures/multi-binding-provider/instructions/invitation.md,維持：所有先と役割が一致。業務契約の再審査・機能変更なし,provider-runtime/skills/live-agency-skills/fixtures/multi-binding-provider/instructions/invitation.md（全文保持、移動時はリンクを調整）,配布資源,配布資源,a91174bf643839a6485f40f47a29f673b69aedec3103cca0f5ae25edcd7455ad
provider-runtime/skills/live-agency-skills/fixtures/multi-binding-provider/knowledge/invitation.md,provider-runtime/skills/live-agency-skills,追跡済み,テスト用文書,Git継続,provider-runtime/skills/live-agency-skills/fixtures/multi-binding-provider/knowledge/invitation.md,テスト入力として維持。文章が似ていることを理由に統合しない,3,,b5af2f5af6c00bf769a0022ac2b594f72982db3c0d3ce31c9d701a77921fb8ae,全文の機械照合と表題・状態。個別意味の統合は未実施,provider-runtime/skills/live-agency-skills/fixtures/multi-binding-provider/knowledge/invitation.md,維持：所有先と役割が一致。業務契約の再審査・機能変更なし,provider-runtime/skills/live-agency-skills/fixtures/multi-binding-provider/knowledge/invitation.md（全文保持、移動時はリンクを調整）,配布資源,配布資源,b5af2f5af6c00bf769a0022ac2b594f72982db3c0d3ce31c9d701a77921fb8ae
provider-runtime/skills/live-agency-skills/fixtures/profile-instruction-source/instructions/provider.md,provider-runtime/skills/live-agency-skills,追跡済み,テスト用文書,Git継続,provider-runtime/skills/live-agency-skills/fixtures/profile-instruction-source/instructions/provider.md,テスト入力として維持。文章が似ていることを理由に統合しない,9,,883c3e7e2f1a363da4bb1d604f3becfa62704b8654ed7218c11b2d461825cbe1,全文の機械照合と表題・状態。個別意味の統合は未実施,provider-runtime/skills/live-agency-skills/fixtures/profile-instruction-source/instructions/provider.md,維持：所有先と役割が一致。業務契約の再審査・機能変更なし,provider-runtime/skills/live-agency-skills/fixtures/profile-instruction-source/instructions/provider.md（全文保持、移動時はリンクを調整）,配布資源,配布資源,883c3e7e2f1a363da4bb1d604f3becfa62704b8654ed7218c11b2d461825cbe1
provider-runtime/skills/live-agency-skills/skills/coin-expense-reconcile/SKILL.md,provider-runtime/skills/live-agency-skills,追跡済み,Skill仕様・利用手順,Git対象（未追跡なら関連実装と記録）,provider-runtime/skills/live-agency-skills/skills/coin-expense-reconcile/SKILL.md,Skill repositoryで維持。個別業務仕様と配布に必要な資源を保持,104,,472ae50a37c469d5343a03f6c25c27da30a8e34d583fa0e464199e69b6e7a240,全文の機械照合と表題・状態。個別意味の統合は未実施,provider-runtime/skills/live-agency-skills/skills/coin-expense-reconcile/SKILL.md,維持：所有先と役割が一致。業務契約の再審査・機能変更なし,provider-runtime/skills/live-agency-skills/skills/coin-expense-reconcile/SKILL.md（全文保持、移動時はリンクを調整）,配布資源,配布資源,472ae50a37c469d5343a03f6c25c27da30a8e34d583fa0e464199e69b6e7a240
provider-runtime/skills/live-agency-skills/skills/coin-expense-reconcile/references/normalized-contracts.md,provider-runtime/skills/live-agency-skills,追跡済み,Skill仕様・利用手順,Git対象（未追跡なら関連実装と記録）,provider-runtime/skills/live-agency-skills/skills/coin-expense-reconcile/references/normalized-contracts.md,Skill repositoryで維持。個別業務仕様と配布に必要な資源を保持,110,27,aeb94869c85e4963c40ea4b35bf2ee7ef621b4cd27757ffb4f3690de302eab22,全文の機械照合と表題・状態。個別意味の統合は未実施,provider-runtime/skills/live-agency-skills/skills/coin-expense-reconcile/references/normalized-contracts.md,維持：所有先と役割が一致。業務契約の再審査・機能変更なし,provider-runtime/skills/live-agency-skills/skills/coin-expense-reconcile/references/normalized-contracts.md（全文保持、移動時はリンクを調整）,配布資源,配布資源,aeb94869c85e4963c40ea4b35bf2ee7ef621b4cd27757ffb4f3690de302eab22
provider-runtime/skills/live-agency-skills/skills/coin-expense-reconcile/references/registration.md,provider-runtime/skills/live-agency-skills,追跡済み,Skill仕様・利用手順,Git対象（未追跡なら関連実装と記録）,provider-runtime/skills/live-agency-skills/skills/coin-expense-reconcile/references/registration.md,Skill repositoryで維持。個別業務仕様と配布に必要な資源を保持,54,,3c0572f011b0fbdfc280ab7757c6c2353c45b1cd8b3e510dfd1abc7d34cb4f25,全文の機械照合と表題・状態。個別意味の統合は未実施,provider-runtime/skills/live-agency-skills/skills/coin-expense-reconcile/references/registration.md,維持：所有先と役割が一致。業務契約の再審査・機能変更なし,provider-runtime/skills/live-agency-skills/skills/coin-expense-reconcile/references/registration.md（全文保持、移動時はリンクを調整）,配布資源,配布資源,3c0572f011b0fbdfc280ab7757c6c2353c45b1cd8b3e510dfd1abc7d34cb4f25
provider-runtime/skills/live-agency-skills/skills/coin-expense-weekly-application/SKILL.md,provider-runtime/skills/live-agency-skills,追跡済み,Skill仕様・利用手順,Git対象（未追跡なら関連実装と記録）,provider-runtime/skills/live-agency-skills/skills/coin-expense-weekly-application/SKILL.md,Skill repositoryで維持。個別業務仕様と配布に必要な資源を保持,115,,b846e1d17f9da673a9f26c785d513e363815c7802c6d87e9219ad507895d3d6b,全文の機械照合と表題・状態。個別意味の統合は未実施,provider-runtime/skills/live-agency-skills/skills/coin-expense-weekly-application/SKILL.md,維持：所有先と役割が一致。業務契約の再審査・機能変更なし,provider-runtime/skills/live-agency-skills/skills/coin-expense-weekly-application/SKILL.md（全文保持、移動時はリンクを調整）,配布資源,配布資源,b846e1d17f9da673a9f26c785d513e363815c7802c6d87e9219ad507895d3d6b
provider-runtime/skills/live-agency-skills/skills/coin-expense-weekly-application/references/application.md,provider-runtime/skills/live-agency-skills,追跡済み,Skill仕様・利用手順,Git対象（未追跡なら関連実装と記録）,provider-runtime/skills/live-agency-skills/skills/coin-expense-weekly-application/references/application.md,Skill repositoryで維持。個別業務仕様と配布に必要な資源を保持,32,,610a2e667de6dfb492af173eadfd7ddacaa00056efd72d5a8a01eea42b44d8af,全文の機械照合と表題・状態。個別意味の統合は未実施,provider-runtime/skills/live-agency-skills/skills/coin-expense-weekly-application/references/application.md,維持：所有先と役割が一致。業務契約の再審査・機能変更なし,provider-runtime/skills/live-agency-skills/skills/coin-expense-weekly-application/references/application.md（全文保持、移動時はリンクを調整）,配布資源,配布資源,610a2e667de6dfb492af173eadfd7ddacaa00056efd72d5a8a01eea42b44d8af
provider-runtime/skills/live-agency-skills/skills/coin-expense-weekly-application/references/normalized-contracts.md,provider-runtime/skills/live-agency-skills,追跡済み,Skill仕様・利用手順,Git対象（未追跡なら関連実装と記録）,provider-runtime/skills/live-agency-skills/skills/coin-expense-weekly-application/references/normalized-contracts.md,Skill repositoryで維持。個別業務仕様と配布に必要な資源を保持,94,,271544077c4ba521c841cf8dee3e4a20c56ae82f654f5cf4607239c7481bc564,全文の機械照合と表題・状態。個別意味の統合は未実施,provider-runtime/skills/live-agency-skills/skills/coin-expense-weekly-application/references/normalized-contracts.md,維持：所有先と役割が一致。業務契約の再審査・機能変更なし,provider-runtime/skills/live-agency-skills/skills/coin-expense-weekly-application/references/normalized-contracts.md（全文保持、移動時はリンクを調整）,配布資源,配布資源,271544077c4ba521c841cf8dee3e4a20c56ae82f654f5cf4607239c7481bc564
provider-runtime/skills/live-agency-skills/skills/creator-activity-sync/SKILL.md,provider-runtime/skills/live-agency-skills,追跡済み,Skill仕様・利用手順,Git対象（未追跡なら関連実装と記録）,provider-runtime/skills/live-agency-skills/skills/creator-activity-sync/SKILL.md,Skill repositoryで維持。個別業務仕様と配布に必要な資源を保持,110,,2cc079527b3b69315c9d061e72f49572e7bed92ce092f76a61305c6098a7b91b,全文の機械照合と表題・状態。個別意味の統合は未実施,provider-runtime/skills/live-agency-skills/skills/creator-activity-sync/SKILL.md,維持：所有先と役割が一致。業務契約の再審査・機能変更なし,provider-runtime/skills/live-agency-skills/skills/creator-activity-sync/SKILL.md（全文保持、移動時はリンクを調整）,配布資源,配布資源,2cc079527b3b69315c9d061e72f49572e7bed92ce092f76a61305c6098a7b91b
provider-runtime/skills/live-agency-skills/skills/creator-activity-sync/references/lark-config.md,provider-runtime/skills/live-agency-skills,追跡済み,Skill仕様・利用手順,Git対象（未追跡なら関連実装と記録）,provider-runtime/skills/live-agency-skills/skills/creator-activity-sync/references/lark-config.md,Skill repositoryで維持。個別業務仕様と配布に必要な資源を保持,48,,cc001127a068b3664f36b7b672d65f9277c3537d2ec6b4ecaaf5adc9396942d5,全文の機械照合と表題・状態。個別意味の統合は未実施,provider-runtime/skills/live-agency-skills/skills/creator-activity-sync/references/lark-config.md,維持：所有先と役割が一致。業務契約の再審査・機能変更なし,provider-runtime/skills/live-agency-skills/skills/creator-activity-sync/references/lark-config.md（全文保持、移動時はリンクを調整）,配布資源,配布資源,cc001127a068b3664f36b7b672d65f9277c3537d2ec6b4ecaaf5adc9396942d5
provider-runtime/skills/live-agency-skills/skills/creator-activity-sync/references/normalized-activity-schema.md,provider-runtime/skills/live-agency-skills,追跡済み,Skill仕様・利用手順,Git対象（未追跡なら関連実装と記録）,provider-runtime/skills/live-agency-skills/skills/creator-activity-sync/references/normalized-activity-schema.md,Skill repositoryで維持。個別業務仕様と配布に必要な資源を保持,34,,b69c4fdf01df34bb32354a1c75311abe92a9dff4f9b8558f70eee1fc1eafbc36,全文の機械照合と表題・状態。個別意味の統合は未実施,provider-runtime/skills/live-agency-skills/skills/creator-activity-sync/references/normalized-activity-schema.md,維持：所有先と役割が一致。業務契約の再審査・機能変更なし,provider-runtime/skills/live-agency-skills/skills/creator-activity-sync/references/normalized-activity-schema.md（全文保持、移動時はリンクを調整）,配布資源,配布資源,b69c4fdf01df34bb32354a1c75311abe92a9dff4f9b8558f70eee1fc1eafbc36
provider-runtime/skills/live-agency-skills/skills/creator-insight-sync/SKILL.md,provider-runtime/skills/live-agency-skills,追跡済み,Skill仕様・利用手順,Git対象（未追跡なら関連実装と記録）,provider-runtime/skills/live-agency-skills/skills/creator-insight-sync/SKILL.md,Skill repositoryで維持。個別業務仕様と配布に必要な資源を保持,77,,c63a140bfce80e946555807146697bf4c10ad5a85119e982a20f9dc753472231,全文の機械照合と表題・状態。個別意味の統合は未実施,provider-runtime/skills/live-agency-skills/skills/creator-insight-sync/SKILL.md,維持：所有先と役割が一致。業務契約の再審査・機能変更なし,provider-runtime/skills/live-agency-skills/skills/creator-insight-sync/SKILL.md（全文保持、移動時はリンクを調整）,配布資源,配布資源,c63a140bfce80e946555807146697bf4c10ad5a85119e982a20f9dc753472231
provider-runtime/skills/live-agency-skills/skills/creator-insight-sync/references/insight-proposal-schema.md,provider-runtime/skills/live-agency-skills,追跡済み,Skill仕様・利用手順,Git対象（未追跡なら関連実装と記録）,provider-runtime/skills/live-agency-skills/skills/creator-insight-sync/references/insight-proposal-schema.md,Skill repositoryで維持。個別業務仕様と配布に必要な資源を保持,37,,62928990bd248f5ab6e99558274a2fccf4377597624d096e54aca12fccef07f5,全文の機械照合と表題・状態。個別意味の統合は未実施,provider-runtime/skills/live-agency-skills/skills/creator-insight-sync/references/insight-proposal-schema.md,維持：所有先と役割が一致。業務契約の再審査・機能変更なし,provider-runtime/skills/live-agency-skills/skills/creator-insight-sync/references/insight-proposal-schema.md（全文保持、移動時はリンクを調整）,配布資源,配布資源,62928990bd248f5ab6e99558274a2fccf4377597624d096e54aca12fccef07f5
provider-runtime/skills/live-agency-skills/skills/creator-insight-sync/references/lark-config.md,provider-runtime/skills/live-agency-skills,追跡済み,Skill仕様・利用手順,Git対象（未追跡なら関連実装と記録）,provider-runtime/skills/live-agency-skills/skills/creator-insight-sync/references/lark-config.md,Skill repositoryで維持。個別業務仕様と配布に必要な資源を保持,65,,49caa0fe1264f591e8d4e1599eb74029d2da1f5c9c24cb657afb609d16edc282,全文の機械照合と表題・状態。個別意味の統合は未実施,provider-runtime/skills/live-agency-skills/skills/creator-insight-sync/references/lark-config.md,維持：所有先と役割が一致。業務契約の再審査・機能変更なし,provider-runtime/skills/live-agency-skills/skills/creator-insight-sync/references/lark-config.md（全文保持、移動時はリンクを調整）,配布資源,配布資源,49caa0fe1264f591e8d4e1599eb74029d2da1f5c9c24cb657afb609d16edc282
provider-runtime/skills/live-agency-skills/skills/creator-insight-sync/references/trait-policy.md,provider-runtime/skills/live-agency-skills,追跡済み,Skill仕様・利用手順,Git対象（未追跡なら関連実装と記録）,provider-runtime/skills/live-agency-skills/skills/creator-insight-sync/references/trait-policy.md,Skill repositoryで維持。個別業務仕様と配布に必要な資源を保持,22,,64df8068b3778c4e389c4e3564c043dc1109b8583b6d882328d254cef0289374,全文の機械照合と表題・状態。個別意味の統合は未実施,provider-runtime/skills/live-agency-skills/skills/creator-insight-sync/references/trait-policy.md,維持：所有先と役割が一致。業務契約の再審査・機能変更なし,provider-runtime/skills/live-agency-skills/skills/creator-insight-sync/references/trait-policy.md（全文保持、移動時はリンクを調整）,配布資源,配布資源,64df8068b3778c4e389c4e3564c043dc1109b8583b6d882328d254cef0289374
provider-runtime/skills/live-agency-skills/skills/creator-invitation-status-compaction/SKILL.md,provider-runtime/skills/live-agency-skills,追跡済み,Skill仕様・利用手順,Git対象（未追跡なら関連実装と記録）,provider-runtime/skills/live-agency-skills/skills/creator-invitation-status-compaction/SKILL.md,Skill repositoryで維持。個別業務仕様と配布に必要な資源を保持。共通の契約説明は統合候補だが、Skillごとの条件と配布物内の参照を維持,108,,e7fc8d354a5669c37108b4a2e45869a00387d23ef88f32682d814a87c08c1dff,全文の機械照合と表題・状態。個別意味の統合は未実施,provider-runtime/skills/live-agency-skills/skills/creator-invitation-status-compaction/SKILL.md,維持：所有先と役割が一致。業務契約の再審査・機能変更なし,provider-runtime/skills/live-agency-skills/skills/creator-invitation-status-compaction/SKILL.md（全文保持、移動時はリンクを調整）,配布資源,配布資源,e7fc8d354a5669c37108b4a2e45869a00387d23ef88f32682d814a87c08c1dff
provider-runtime/skills/live-agency-skills/skills/creator-invitation-status-compaction/references/archive-workflow.md,provider-runtime/skills/live-agency-skills,追跡済み,Skill仕様・利用手順,Git対象（未追跡なら関連実装と記録）,provider-runtime/skills/live-agency-skills/skills/creator-invitation-status-compaction/references/archive-workflow.md,Skill repositoryで維持。個別業務仕様と配布に必要な資源を保持。共通の契約説明は統合候補だが、Skillごとの条件と配布物内の参照を維持,128,"7,8,11,12,21,22,23,32,33,34,35,46,47,48,64,65,73,74",8c8128a4972ac1c2ee7213d35ef05d9f67cb0c0944f99be360cd83c0ebc9acd7,全文の機械照合と表題・状態。個別意味の統合は未実施,provider-runtime/skills/live-agency-skills/skills/creator-invitation-status-compaction/references/archive-workflow.md,維持：所有先と役割が一致。業務契約の再審査・機能変更なし,provider-runtime/skills/live-agency-skills/skills/creator-invitation-status-compaction/references/archive-workflow.md（全文保持、移動時はリンクを調整）,配布資源,配布資源,8c8128a4972ac1c2ee7213d35ef05d9f67cb0c0944f99be360cd83c0ebc9acd7
provider-runtime/skills/live-agency-skills/skills/creator-invitation-status-sync/SKILL.md,provider-runtime/skills/live-agency-skills,追跡済み,Skill仕様・利用手順,Git対象（未追跡なら関連実装と記録）,provider-runtime/skills/live-agency-skills/skills/creator-invitation-status-sync/SKILL.md,Skill repositoryで維持。個別業務仕様と配布に必要な資源を保持,141,,5da88c07974fae73a4559bb281c97f2749f0f2fcaaf3673edf75b9257fb5ecae,全文の機械照合と表題・状態。個別意味の統合は未実施,provider-runtime/skills/live-agency-skills/skills/creator-invitation-status-sync/SKILL.md,維持：所有先と役割が一致。業務契約の再審査・機能変更なし,provider-runtime/skills/live-agency-skills/skills/creator-invitation-status-sync/SKILL.md（全文保持、移動時はリンクを調整）,配布資源,配布資源,5da88c07974fae73a4559bb281c97f2749f0f2fcaaf3673edf75b9257fb5ecae
provider-runtime/skills/live-agency-skills/skills/creator-invitation-status-sync/references/lark-config.md,provider-runtime/skills/live-agency-skills,追跡済み,Skill仕様・利用手順,Git対象（未追跡なら関連実装と記録）,provider-runtime/skills/live-agency-skills/skills/creator-invitation-status-sync/references/lark-config.md,Skill repositoryで維持。個別業務仕様と配布に必要な資源を保持,43,,3031bda6d37854ebe7951fcc4ccb422a700ef53791305d3d4fe2122d77586cab,全文の機械照合と表題・状態。個別意味の統合は未実施,provider-runtime/skills/live-agency-skills/skills/creator-invitation-status-sync/references/lark-config.md,維持：所有先と役割が一致。業務契約の再審査・機能変更なし,provider-runtime/skills/live-agency-skills/skills/creator-invitation-status-sync/references/lark-config.md（全文保持、移動時はリンクを調整）,配布資源,配布資源,3031bda6d37854ebe7951fcc4ccb422a700ef53791305d3d4fe2122d77586cab
provider-runtime/skills/live-agency-skills/skills/creator-invitation-status-sync/references/normalized-observation-schema.md,provider-runtime/skills/live-agency-skills,追跡済み,Skill仕様・利用手順,Git対象（未追跡なら関連実装と記録）,provider-runtime/skills/live-agency-skills/skills/creator-invitation-status-sync/references/normalized-observation-schema.md,Skill repositoryで維持。個別業務仕様と配布に必要な資源を保持,48,14,052e440d78d42aa9c1ba680a9d68319c8b7f63d7f76d29065bfacf1c9e30fcff,全文の機械照合と表題・状態。個別意味の統合は未実施,provider-runtime/skills/live-agency-skills/skills/creator-invitation-status-sync/references/normalized-observation-schema.md,維持：所有先と役割が一致。業務契約の再審査・機能変更なし,provider-runtime/skills/live-agency-skills/skills/creator-invitation-status-sync/references/normalized-observation-schema.md（全文保持、移動時はリンクを調整）,配布資源,配布資源,052e440d78d42aa9c1ba680a9d68319c8b7f63d7f76d29065bfacf1c9e30fcff
provider-runtime/skills/live-agency-skills/skills/creator-invitation-status-sync/references/v2-dual-run.md,provider-runtime/skills/live-agency-skills,追跡済み,Skill仕様・利用手順,Git対象（未追跡なら関連実装と記録）,provider-runtime/skills/live-agency-skills/skills/creator-invitation-status-sync/references/v2-dual-run.md,Skill repositoryで維持。個別業務仕様と配布に必要な資源を保持,65,,5599eeaa5ab008b1bb038da7069faf4634911b22790a73e83c285879d8cf60c1,全文の機械照合と表題・状態。個別意味の統合は未実施,provider-runtime/skills/live-agency-skills/skills/creator-invitation-status-sync/references/v2-dual-run.md,維持：所有先と役割が一致。業務契約の再審査・機能変更なし,provider-runtime/skills/live-agency-skills/skills/creator-invitation-status-sync/references/v2-dual-run.md（全文保持、移動時はリンクを調整）,配布資源,配布資源,5599eeaa5ab008b1bb038da7069faf4634911b22790a73e83c285879d8cf60c1
provider-runtime/skills/live-agency-skills/skills/creator-live-history-compaction/SKILL.md,provider-runtime/skills/live-agency-skills,追跡済み,Skill仕様・利用手順,Git対象（未追跡なら関連実装と記録）,provider-runtime/skills/live-agency-skills/skills/creator-live-history-compaction/SKILL.md,Skill repositoryで維持。個別業務仕様と配布に必要な資源を保持。共通の契約説明は統合候補だが、Skillごとの条件と配布物内の参照を維持,123,,0dbe76c1ad406a8c2ceaf6d62adb0024227b2fe83aac3bbffde34ae4e24d2ffe,全文の機械照合と表題・状態。個別意味の統合は未実施,provider-runtime/skills/live-agency-skills/skills/creator-live-history-compaction/SKILL.md,維持：所有先と役割が一致。業務契約の再審査・機能変更なし,provider-runtime/skills/live-agency-skills/skills/creator-live-history-compaction/SKILL.md（全文保持、移動時はリンクを調整）,配布資源,配布資源,0dbe76c1ad406a8c2ceaf6d62adb0024227b2fe83aac3bbffde34ae4e24d2ffe
provider-runtime/skills/live-agency-skills/skills/creator-live-history-compaction/references/archive-workflow.md,provider-runtime/skills/live-agency-skills,追跡済み,Skill仕様・利用手順,Git対象（未追跡なら関連実装と記録）,provider-runtime/skills/live-agency-skills/skills/creator-live-history-compaction/references/archive-workflow.md,Skill repositoryで維持。個別業務仕様と配布に必要な資源を保持。共通の契約説明は統合候補だが、Skillごとの条件と配布物内の参照を維持,117,"29,30,33,34,37,38,39,48,49,50,51,62,63,64",3791708e2f35e0e0cf7edc2038b7f81508bc55c43310a46a45a47af3e67248d1,全文の機械照合と表題・状態。個別意味の統合は未実施,provider-runtime/skills/live-agency-skills/skills/creator-live-history-compaction/references/archive-workflow.md,維持：所有先と役割が一致。業務契約の再審査・機能変更なし,provider-runtime/skills/live-agency-skills/skills/creator-live-history-compaction/references/archive-workflow.md（全文保持、移動時はリンクを調整）,配布資源,配布資源,3791708e2f35e0e0cf7edc2038b7f81508bc55c43310a46a45a47af3e67248d1
provider-runtime/skills/live-agency-skills/skills/creator-live-history-compaction/references/lark-and-archive-config.md,provider-runtime/skills/live-agency-skills,追跡済み,Skill仕様・利用手順,Git対象（未追跡なら関連実装と記録）,provider-runtime/skills/live-agency-skills/skills/creator-live-history-compaction/references/lark-and-archive-config.md,Skill repositoryで維持。個別業務仕様と配布に必要な資源を保持。共通の契約説明は統合候補だが、Skillごとの条件と配布物内の参照を維持,51,,19c2e353dbdcca80b1cdcceaf8be28337af2c7766804b5f406a356f03a147bec,全文の機械照合と表題・状態。個別意味の統合は未実施,provider-runtime/skills/live-agency-skills/skills/creator-live-history-compaction/references/lark-and-archive-config.md,維持：所有先と役割が一致。業務契約の再審査・機能変更なし,provider-runtime/skills/live-agency-skills/skills/creator-live-history-compaction/references/lark-and-archive-config.md（全文保持、移動時はリンクを調整）,配布資源,配布資源,19c2e353dbdcca80b1cdcceaf8be28337af2c7766804b5f406a356f03a147bec
provider-runtime/skills/live-agency-skills/skills/creator-live-history-sync/SKILL.md,provider-runtime/skills/live-agency-skills,追跡済み,Skill仕様・利用手順,Git対象（未追跡なら関連実装と記録）,provider-runtime/skills/live-agency-skills/skills/creator-live-history-sync/SKILL.md,Skill repositoryで維持。個別業務仕様と配布に必要な資源を保持,107,,c70ddfb2c000cd8cde6f8e160013be141621347ff75b8575d179881d02eaea1a,全文の機械照合と表題・状態。個別意味の統合は未実施,provider-runtime/skills/live-agency-skills/skills/creator-live-history-sync/SKILL.md,維持：所有先と役割が一致。業務契約の再審査・機能変更なし,provider-runtime/skills/live-agency-skills/skills/creator-live-history-sync/SKILL.md（全文保持、移動時はリンクを調整）,配布資源,配布資源,c70ddfb2c000cd8cde6f8e160013be141621347ff75b8575d179881d02eaea1a
provider-runtime/skills/live-agency-skills/skills/creator-live-history-sync/references/lark-config.md,provider-runtime/skills/live-agency-skills,追跡済み,Skill仕様・利用手順,Git対象（未追跡なら関連実装と記録）,provider-runtime/skills/live-agency-skills/skills/creator-live-history-sync/references/lark-config.md,Skill repositoryで維持。個別業務仕様と配布に必要な資源を保持,71,,4bd8c578e658ada0c04fb470e5b8e9e0080778caeedb072bee8e63a98bacb856,全文の機械照合と表題・状態。個別意味の統合は未実施,provider-runtime/skills/live-agency-skills/skills/creator-live-history-sync/references/lark-config.md,維持：所有先と役割が一致。業務契約の再審査・機能変更なし,provider-runtime/skills/live-agency-skills/skills/creator-live-history-sync/references/lark-config.md（全文保持、移動時はリンクを調整）,配布資源,配布資源,4bd8c578e658ada0c04fb470e5b8e9e0080778caeedb072bee8e63a98bacb856
provider-runtime/skills/live-agency-skills/skills/creator-live-history-sync/references/normalized-live-history-observations.md,provider-runtime/skills/live-agency-skills,追跡済み,Skill仕様・利用手順,Git対象（未追跡なら関連実装と記録）,provider-runtime/skills/live-agency-skills/skills/creator-live-history-sync/references/normalized-live-history-observations.md,Skill repositoryで維持。個別業務仕様と配布に必要な資源を保持,49,,c9898fe0ba61ba6c885413c35bbd87f6fa47a1380065536331fa9b1a6d66efd7,全文の機械照合と表題・状態。個別意味の統合は未実施,provider-runtime/skills/live-agency-skills/skills/creator-live-history-sync/references/normalized-live-history-observations.md,維持：所有先と役割が一致。業務契約の再審査・機能変更なし,provider-runtime/skills/live-agency-skills/skills/creator-live-history-sync/references/normalized-live-history-observations.md（全文保持、移動時はリンクを調整）,配布資源,配布資源,c9898fe0ba61ba6c885413c35bbd87f6fa47a1380065536331fa9b1a6d66efd7
provider-runtime/skills/live-agency-skills/skills/creator-live-history-sync/references/v2-dual-run.md,provider-runtime/skills/live-agency-skills,追跡済み,Skill仕様・利用手順,Git対象（未追跡なら関連実装と記録）,provider-runtime/skills/live-agency-skills/skills/creator-live-history-sync/references/v2-dual-run.md,Skill repositoryで維持。個別業務仕様と配布に必要な資源を保持,111,,0c0d9984b4c1b0c7bd7779e8ca096dbf1464fc117b09532f5903b97ed7ff94e3,全文の機械照合と表題・状態。個別意味の統合は未実施,provider-runtime/skills/live-agency-skills/skills/creator-live-history-sync/references/v2-dual-run.md,維持：所有先と役割が一致。業務契約の再審査・機能変更なし,provider-runtime/skills/live-agency-skills/skills/creator-live-history-sync/references/v2-dual-run.md（全文保持、移動時はリンクを調整）,配布資源,配布資源,0c0d9984b4c1b0c7bd7779e8ca096dbf1464fc117b09532f5903b97ed7ff94e3
provider-runtime/skills/live-agency-skills/skills/creator-live-metrics-compaction/SKILL.md,provider-runtime/skills/live-agency-skills,追跡済み,Skill仕様・利用手順,Git対象（未追跡なら関連実装と記録）,provider-runtime/skills/live-agency-skills/skills/creator-live-metrics-compaction/SKILL.md,Skill repositoryで維持。個別業務仕様と配布に必要な資源を保持。共通の契約説明は統合候補だが、Skillごとの条件と配布物内の参照を維持,98,,e7bf573fc785d5966eca482bedd333ba7c8c3917689090e31d809aaebfafffe2,全文の機械照合と表題・状態。個別意味の統合は未実施,provider-runtime/skills/live-agency-skills/skills/creator-live-metrics-compaction/SKILL.md,維持：所有先と役割が一致。業務契約の再審査・機能変更なし,provider-runtime/skills/live-agency-skills/skills/creator-live-metrics-compaction/SKILL.md（全文保持、移動時はリンクを調整）,配布資源,配布資源,e7bf573fc785d5966eca482bedd333ba7c8c3917689090e31d809aaebfafffe2
provider-runtime/skills/live-agency-skills/skills/creator-live-metrics-compaction/references/lark-config.md,provider-runtime/skills/live-agency-skills,追跡済み,Skill仕様・利用手順,Git対象（未追跡なら関連実装と記録）,provider-runtime/skills/live-agency-skills/skills/creator-live-metrics-compaction/references/lark-config.md,Skill repositoryで維持。個別業務仕様と配布に必要な資源を保持。共通の契約説明は統合候補だが、Skillごとの条件と配布物内の参照を維持,53,,038bb8167e924b6422f015c41049e3c8370cc9bee956a582b1d72fc2673484a4,全文の機械照合と表題・状態。個別意味の統合は未実施,provider-runtime/skills/live-agency-skills/skills/creator-live-metrics-compaction/references/lark-config.md,維持：所有先と役割が一致。業務契約の再審査・機能変更なし,provider-runtime/skills/live-agency-skills/skills/creator-live-metrics-compaction/references/lark-config.md（全文保持、移動時はリンクを調整）,配布資源,配布資源,038bb8167e924b6422f015c41049e3c8370cc9bee956a582b1d72fc2673484a4
provider-runtime/skills/live-agency-skills/skills/creator-profile-compaction/SKILL.md,provider-runtime/skills/live-agency-skills,追跡済み,Skill仕様・利用手順,Git対象（未追跡なら関連実装と記録）,provider-runtime/skills/live-agency-skills/skills/creator-profile-compaction/SKILL.md,Skill repositoryで維持。個別業務仕様と配布に必要な資源を保持。共通の契約説明は統合候補だが、Skillごとの条件と配布物内の参照を維持,125,"106,107,111,112,115,116",eace0c84da923d6fa7137a0172f32a93e251de82b6f587f754d4e84405d31644,全文の機械照合と表題・状態。個別意味の統合は未実施,provider-runtime/skills/live-agency-skills/skills/creator-profile-compaction/SKILL.md,維持：所有先と役割が一致。業務契約の再審査・機能変更なし,provider-runtime/skills/live-agency-skills/skills/creator-profile-compaction/SKILL.md（全文保持、移動時はリンクを調整）,配布資源,配布資源,eace0c84da923d6fa7137a0172f32a93e251de82b6f587f754d4e84405d31644
provider-runtime/skills/live-agency-skills/skills/creator-profile-compaction/references/lark-config.md,provider-runtime/skills/live-agency-skills,追跡済み,Skill仕様・利用手順,Git対象（未追跡なら関連実装と記録）,provider-runtime/skills/live-agency-skills/skills/creator-profile-compaction/references/lark-config.md,Skill repositoryで維持。個別業務仕様と配布に必要な資源を保持。共通の契約説明は統合候補だが、Skillごとの条件と配布物内の参照を維持,57,,2078576f15cfab9b9d9e1eec60b6527c53ca88c8754444b52f301246a1b11ab8,全文の機械照合と表題・状態。個別意味の統合は未実施,provider-runtime/skills/live-agency-skills/skills/creator-profile-compaction/references/lark-config.md,維持：所有先と役割が一致。業務契約の再審査・機能変更なし,provider-runtime/skills/live-agency-skills/skills/creator-profile-compaction/references/lark-config.md（全文保持、移動時はリンクを調整）,配布資源,配布資源,2078576f15cfab9b9d9e1eec60b6527c53ca88c8754444b52f301246a1b11ab8
provider-runtime/skills/live-agency-skills/skills/creator-profile-sync/SKILL.md,provider-runtime/skills/live-agency-skills,追跡済み,Skill仕様・利用手順,Git対象（未追跡なら関連実装と記録）,provider-runtime/skills/live-agency-skills/skills/creator-profile-sync/SKILL.md,Skill repositoryで維持。個別業務仕様と配布に必要な資源を保持,145,,906bc5c649fbd46be63aef95213c9ab1c81fdac17fe63026d669e365a22c4245,全文の機械照合と表題・状態。個別意味の統合は未実施,provider-runtime/skills/live-agency-skills/skills/creator-profile-sync/SKILL.md,維持：所有先と役割が一致。業務契約の再審査・機能変更なし,provider-runtime/skills/live-agency-skills/skills/creator-profile-sync/SKILL.md（全文保持、移動時はリンクを調整）,配布資源,配布資源,906bc5c649fbd46be63aef95213c9ab1c81fdac17fe63026d669e365a22c4245
provider-runtime/skills/live-agency-skills/skills/creator-profile-sync/references/lark-config.md,provider-runtime/skills/live-agency-skills,追跡済み,Skill仕様・利用手順,Git対象（未追跡なら関連実装と記録）,provider-runtime/skills/live-agency-skills/skills/creator-profile-sync/references/lark-config.md,Skill repositoryで維持。個別業務仕様と配布に必要な資源を保持,67,,a198ea0702ea8ec40bfa4d04ae853df681657f721f3201034b633b0ac1c4d3e2,全文の機械照合と表題・状態。個別意味の統合は未実施,provider-runtime/skills/live-agency-skills/skills/creator-profile-sync/references/lark-config.md,維持：所有先と役割が一致。業務契約の再審査・機能変更なし,provider-runtime/skills/live-agency-skills/skills/creator-profile-sync/references/lark-config.md（全文保持、移動時はリンクを調整）,配布資源,配布資源,a198ea0702ea8ec40bfa4d04ae853df681657f721f3201034b633b0ac1c4d3e2
provider-runtime/skills/live-agency-skills/skills/creator-profile-sync/references/normalized-profile-observations.md,provider-runtime/skills/live-agency-skills,追跡済み,Skill仕様・利用手順,Git対象（未追跡なら関連実装と記録）,provider-runtime/skills/live-agency-skills/skills/creator-profile-sync/references/normalized-profile-observations.md,Skill repositoryで維持。個別業務仕様と配布に必要な資源を保持,76,23,bf0c8186ade1eaaa66e6114b3ab00bd74a2421ac1ecd35ca27dc29b5b2c3187e,全文の機械照合と表題・状態。個別意味の統合は未実施,provider-runtime/skills/live-agency-skills/skills/creator-profile-sync/references/normalized-profile-observations.md,維持：所有先と役割が一致。業務契約の再審査・機能変更なし,provider-runtime/skills/live-agency-skills/skills/creator-profile-sync/references/normalized-profile-observations.md（全文保持、移動時はリンクを調整）,配布資源,配布資源,bf0c8186ade1eaaa66e6114b3ab00bd74a2421ac1ecd35ca27dc29b5b2c3187e
provider-runtime/skills/live-agency-skills/skills/creator-profile-sync/references/v2-dual-run.md,provider-runtime/skills/live-agency-skills,追跡済み,Skill仕様・利用手順,Git対象（未追跡なら関連実装と記録）,provider-runtime/skills/live-agency-skills/skills/creator-profile-sync/references/v2-dual-run.md,Skill repositoryで維持。個別業務仕様と配布に必要な資源を保持,89,,7488d9335924b7c5c0a496c1f014e5159d32e1e133d607b10ba6eaa7c5883e50,全文の機械照合と表題・状態。個別意味の統合は未実施,provider-runtime/skills/live-agency-skills/skills/creator-profile-sync/references/v2-dual-run.md,維持：所有先と役割が一致。業務契約の再審査・機能変更なし,provider-runtime/skills/live-agency-skills/skills/creator-profile-sync/references/v2-dual-run.md（全文保持、移動時はリンクを調整）,配布資源,配布資源,7488d9335924b7c5c0a496c1f014e5159d32e1e133d607b10ba6eaa7c5883e50
provider-runtime/skills/live-agency-skills/skills/gift-history-sync/SKILL.md,provider-runtime/skills/live-agency-skills,追跡済み,Skill仕様・利用手順,Git対象（未追跡なら関連実装と記録）,provider-runtime/skills/live-agency-skills/skills/gift-history-sync/SKILL.md,Skill repositoryで維持。個別業務仕様と配布に必要な資源を保持,134,,23b371263bd2a799ecf8c7a7208c9f33ca2aca363363c7a4446865e18dab6e79,全文の機械照合と表題・状態。個別意味の統合は未実施,provider-runtime/skills/live-agency-skills/skills/gift-history-sync/SKILL.md,維持：所有先と役割が一致。業務契約の再審査・機能変更なし,provider-runtime/skills/live-agency-skills/skills/gift-history-sync/SKILL.md（全文保持、移動時はリンクを調整）,配布資源,配布資源,23b371263bd2a799ecf8c7a7208c9f33ca2aca363363c7a4446865e18dab6e79
provider-runtime/skills/live-agency-skills/skills/gift-history-sync/references/lark-projections.md,provider-runtime/skills/live-agency-skills,追跡済み,Skill仕様・利用手順,Git対象（未追跡なら関連実装と記録）,provider-runtime/skills/live-agency-skills/skills/gift-history-sync/references/lark-projections.md,Skill repositoryで維持。個別業務仕様と配布に必要な資源を保持,118,,8b914f97cd6b8ca6c739953c5cf9ad6b0421b7565375c2cb2b5d5d6f549ff111,全文の機械照合と表題・状態。個別意味の統合は未実施,provider-runtime/skills/live-agency-skills/skills/gift-history-sync/references/lark-projections.md,維持：所有先と役割が一致。業務契約の再審査・機能変更なし,provider-runtime/skills/live-agency-skills/skills/gift-history-sync/references/lark-projections.md（全文保持、移動時はリンクを調整）,配布資源,配布資源,8b914f97cd6b8ca6c739953c5cf9ad6b0421b7565375c2cb2b5d5d6f549ff111
provider-runtime/skills/live-agency-skills/skills/gift-history-sync/references/master-and-plan.md,provider-runtime/skills/live-agency-skills,追跡済み,Skill仕様・利用手順,Git対象（未追跡なら関連実装と記録）,provider-runtime/skills/live-agency-skills/skills/gift-history-sync/references/master-and-plan.md,Skill repositoryで維持。個別業務仕様と配布に必要な資源を保持,39,,a11fdc3539fa9277bc457133c808b7953fd5d56ab9d014758f58da38c8262bb2,全文の機械照合と表題・状態。個別意味の統合は未実施,provider-runtime/skills/live-agency-skills/skills/gift-history-sync/references/master-and-plan.md,維持：所有先と役割が一致。業務契約の再審査・機能変更なし,provider-runtime/skills/live-agency-skills/skills/gift-history-sync/references/master-and-plan.md（全文保持、移動時はリンクを調整）,配布資源,配布資源,a11fdc3539fa9277bc457133c808b7953fd5d56ab9d014758f58da38c8262bb2
provider-runtime/skills/live-agency-skills/skills/gift-history-sync/references/normalized-gift-snapshot.md,provider-runtime/skills/live-agency-skills,追跡済み,Skill仕様・利用手順,Git対象（未追跡なら関連実装と記録）,provider-runtime/skills/live-agency-skills/skills/gift-history-sync/references/normalized-gift-snapshot.md,Skill repositoryで維持。個別業務仕様と配布に必要な資源を保持,36,,b69f5bc51e03c5ed7aed9523fa3855271d3e570ea301b0f65bcbdcc26c2d2baa,全文の機械照合と表題・状態。個別意味の統合は未実施,provider-runtime/skills/live-agency-skills/skills/gift-history-sync/references/normalized-gift-snapshot.md,維持：所有先と役割が一致。業務契約の再審査・機能変更なし,provider-runtime/skills/live-agency-skills/skills/gift-history-sync/references/normalized-gift-snapshot.md（全文保持、移動時はリンクを調整）,配布資源,配布資源,b69f5bc51e03c5ed7aed9523fa3855271d3e570ea301b0f65bcbdcc26c2d2baa
provider-runtime/skills/live-agency-skills/skills/gift-history-sync/references/workspace-config.md,provider-runtime/skills/live-agency-skills,追跡済み,Skill仕様・利用手順,Git対象（未追跡なら関連実装と記録）,provider-runtime/skills/live-agency-skills/skills/gift-history-sync/references/workspace-config.md,Skill repositoryで維持。個別業務仕様と配布に必要な資源を保持,94,33,ebe3595ee1345ce3685c093712de2ccb45a5a70770373925ef48163366bac62c,全文の機械照合と表題・状態。個別意味の統合は未実施,provider-runtime/skills/live-agency-skills/skills/gift-history-sync/references/workspace-config.md,維持：所有先と役割が一致。業務契約の再審査・機能変更なし,provider-runtime/skills/live-agency-skills/skills/gift-history-sync/references/workspace-config.md（全文保持、移動時はリンクを調整）,配布資源,配布資源,ebe3595ee1345ce3685c093712de2ccb45a5a70770373925ef48163366bac62c
provider-runtime/skills/live-agency-skills/skills/lark-base-backup-retention/SKILL.md,provider-runtime/skills/live-agency-skills,追跡済み,Skill仕様・利用手順,Git対象（未追跡なら関連実装と記録）,provider-runtime/skills/live-agency-skills/skills/lark-base-backup-retention/SKILL.md,Skill repositoryで維持。個別業務仕様と配布に必要な資源を保持,67,"50,51",e7c7f1730a4b25af6b051ceed1f05df3e64cfe0ef464b934110958a7e2c08044,全文の機械照合と表題・状態。個別意味の統合は未実施,provider-runtime/skills/live-agency-skills/skills/lark-base-backup-retention/SKILL.md,維持：所有先と役割が一致。業務契約の再審査・機能変更なし,provider-runtime/skills/live-agency-skills/skills/lark-base-backup-retention/SKILL.md（全文保持、移動時はリンクを調整）,配布資源,配布資源,e7c7f1730a4b25af6b051ceed1f05df3e64cfe0ef464b934110958a7e2c08044
provider-runtime/skills/live-agency-skills/skills/lark-base-backup-retention/references/retention-policy.md,provider-runtime/skills/live-agency-skills,追跡済み,Skill仕様・利用手順,Git対象（未追跡なら関連実装と記録）,provider-runtime/skills/live-agency-skills/skills/lark-base-backup-retention/references/retention-policy.md,Skill repositoryで維持。個別業務仕様と配布に必要な資源を保持,147,,b5e0f7e15f579d847b4381f5f704226d4afee1f30655ba9f9289915d9b4b2ec6,全文の機械照合と表題・状態。個別意味の統合は未実施,provider-runtime/skills/live-agency-skills/skills/lark-base-backup-retention/references/retention-policy.md,維持：所有先と役割が一致。業務契約の再審査・機能変更なし,provider-runtime/skills/live-agency-skills/skills/lark-base-backup-retention/references/retention-policy.md（全文保持、移動時はリンクを調整）,配布資源,配布資源,b5e0f7e15f579d847b4381f5f704226d4afee1f30655ba9f9289915d9b4b2ec6
provider-runtime/skills/live-agency-skills/skills/lark-base-backup/SKILL.md,provider-runtime/skills/live-agency-skills,追跡済み,Skill仕様・利用手順,Git対象（未追跡なら関連実装と記録）,provider-runtime/skills/live-agency-skills/skills/lark-base-backup/SKILL.md,Skill repositoryで維持。個別業務仕様と配布に必要な資源を保持,111,,a4c671f931210813de065241efa211bde93401fd0d7ec3ad08b2942b384bea55,全文の機械照合と表題・状態。個別意味の統合は未実施,provider-runtime/skills/live-agency-skills/skills/lark-base-backup/SKILL.md,維持：所有先と役割が一致。業務契約の再審査・機能変更なし,provider-runtime/skills/live-agency-skills/skills/lark-base-backup/SKILL.md（全文保持、移動時はリンクを調整）,配布資源,配布資源,a4c671f931210813de065241efa211bde93401fd0d7ec3ad08b2942b384bea55
provider-runtime/skills/live-agency-skills/skills/lark-base-backup/references/attachment-backup-contract.md,provider-runtime/skills/live-agency-skills,未追跡,Skill仕様・利用手順,Git対象（未追跡なら関連実装と記録）,provider-runtime/skills/live-agency-skills/skills/lark-base-backup/references/attachment-backup-contract.md,Skill repositoryで維持。個別業務仕様と配布に必要な資源を保持,27,,0fa1e501ef71ddd728bd33de7c4d16036266c8544d1a04b699addd7c66ec5310,全文の機械照合と表題・状態。個別意味の統合は未実施,provider-runtime/skills/live-agency-skills/skills/lark-base-backup/references/attachment-backup-contract.md,維持：所有先と役割が一致。業務契約の再審査・機能変更なし,provider-runtime/skills/live-agency-skills/skills/lark-base-backup/references/attachment-backup-contract.md（全文保持、移動時はリンクを調整）,配布資源,配布資源,0fa1e501ef71ddd728bd33de7c4d16036266c8544d1a04b699addd7c66ec5310
provider-runtime/skills/live-agency-skills/skills/lark-base-backup/references/backup-receipt.md,provider-runtime/skills/live-agency-skills,追跡済み,Skill仕様・利用手順,Git対象（未追跡なら関連実装と記録）,provider-runtime/skills/live-agency-skills/skills/lark-base-backup/references/backup-receipt.md,Skill repositoryで維持。個別業務仕様と配布に必要な資源を保持,49,,1c6e8452fa4a792dc9cbe8262bfb38561891dd148bd63ebe20e08d127ef341b3,全文の機械照合と表題・状態。個別意味の統合は未実施,provider-runtime/skills/live-agency-skills/skills/lark-base-backup/references/backup-receipt.md,維持：所有先と役割が一致。業務契約の再審査・機能変更なし,provider-runtime/skills/live-agency-skills/skills/lark-base-backup/references/backup-receipt.md（全文保持、移動時はリンクを調整）,配布資源,配布資源,1c6e8452fa4a792dc9cbe8262bfb38561891dd148bd63ebe20e08d127ef341b3
provider-runtime/skills/live-agency-skills/skills/lark-base-backup/references/full-base-runner.md,provider-runtime/skills/live-agency-skills,未追跡,Skill仕様・利用手順,Git対象（未追跡なら関連実装と記録）,provider-runtime/skills/live-agency-skills/skills/lark-base-backup/references/full-base-runner.md,Skill repositoryで維持。個別業務仕様と配布に必要な資源を保持,113,,a44c47187a3bc1eaaaaff38258407f1d857e16eb717a8c9762e4674d49dea5a8,全文の機械照合と表題・状態。個別意味の統合は未実施,provider-runtime/skills/live-agency-skills/skills/lark-base-backup/references/full-base-runner.md,維持：所有先と役割が一致。業務契約の再審査・機能変更なし,provider-runtime/skills/live-agency-skills/skills/lark-base-backup/references/full-base-runner.md（全文保持、移動時はリンクを調整）,配布資源,配布資源,a44c47187a3bc1eaaaaff38258407f1d857e16eb717a8c9762e4674d49dea5a8
provider-runtime/skills/live-agency-skills/skills/lark-base-backup/references/unattended-readiness.md,provider-runtime/skills/live-agency-skills,未追跡,Skill仕様・利用手順,Git対象（未追跡なら関連実装と記録）,provider-runtime/skills/live-agency-skills/skills/lark-base-backup/references/unattended-readiness.md,Skill repositoryで維持。個別業務仕様と配布に必要な資源を保持,24,,85266b25dbb9b7e53866ce8981cd0e206ff784655c6e561c9574366c7bb8db93,全文の機械照合と表題・状態。個別意味の統合は未実施,provider-runtime/skills/live-agency-skills/skills/lark-base-backup/references/unattended-readiness.md,維持：所有先と役割が一致。業務契約の再審査・機能変更なし,provider-runtime/skills/live-agency-skills/skills/lark-base-backup/references/unattended-readiness.md（全文保持、移動時はリンクを調整）,配布資源,配布資源,85266b25dbb9b7e53866ce8981cd0e206ff784655c6e561c9574366c7bb8db93
provider-runtime/skills/live-agency-skills/skills/lark-base-disaster-recovery-drill/SKILL.md,provider-runtime/skills/live-agency-skills,追跡済み,Skill仕様・利用手順,Git対象（未追跡なら関連実装と記録）,provider-runtime/skills/live-agency-skills/skills/lark-base-disaster-recovery-drill/SKILL.md,Skill repositoryで維持。個別業務仕様と配布に必要な資源を保持,70,,27ee87879484e5dd5386055496945ea728218959b8b6a16dfbaca83c4e4968b0,全文の機械照合と表題・状態。個別意味の統合は未実施,provider-runtime/skills/live-agency-skills/skills/lark-base-disaster-recovery-drill/SKILL.md,維持：所有先と役割が一致。業務契約の再審査・機能変更なし,provider-runtime/skills/live-agency-skills/skills/lark-base-disaster-recovery-drill/SKILL.md（全文保持、移動時はリンクを調整）,配布資源,配布資源,27ee87879484e5dd5386055496945ea728218959b8b6a16dfbaca83c4e4968b0
provider-runtime/skills/live-agency-skills/skills/lark-base-disaster-recovery-drill/references/drill-contract.md,provider-runtime/skills/live-agency-skills,追跡済み,Skill仕様・利用手順,Git対象（未追跡なら関連実装と記録）,provider-runtime/skills/live-agency-skills/skills/lark-base-disaster-recovery-drill/references/drill-contract.md,Skill repositoryで維持。個別業務仕様と配布に必要な資源を保持,157,,da1676cea942a3f8a7ed6ed232020dab129236623d390f2eaf14f4df55a156d7,全文の機械照合と表題・状態。個別意味の統合は未実施,provider-runtime/skills/live-agency-skills/skills/lark-base-disaster-recovery-drill/references/drill-contract.md,維持：所有先と役割が一致。業務契約の再審査・機能変更なし,provider-runtime/skills/live-agency-skills/skills/lark-base-disaster-recovery-drill/references/drill-contract.md（全文保持、移動時はリンクを調整）,配布資源,配布資源,da1676cea942a3f8a7ed6ed232020dab129236623d390f2eaf14f4df55a156d7
provider-runtime/skills/live-agency-skills/skills/lark-base-maintenance/SKILL.md,provider-runtime/skills/live-agency-skills,追跡済み,Skill仕様・利用手順,Git対象（未追跡なら関連実装と記録）,provider-runtime/skills/live-agency-skills/skills/lark-base-maintenance/SKILL.md,Skill repositoryで維持。個別業務仕様と配布に必要な資源を保持,89,"77,78",15908cd87196b7ebbf597a570bcd5d6f9b90a394bbd16ac9af6d89e40e62b11d,全文の機械照合と表題・状態。個別意味の統合は未実施,provider-runtime/skills/live-agency-skills/skills/lark-base-maintenance/SKILL.md,維持：所有先と役割が一致。業務契約の再審査・機能変更なし,provider-runtime/skills/live-agency-skills/skills/lark-base-maintenance/SKILL.md（全文保持、移動時はリンクを調整）,配布資源,配布資源,15908cd87196b7ebbf597a570bcd5d6f9b90a394bbd16ac9af6d89e40e62b11d
provider-runtime/skills/live-agency-skills/skills/lark-base-maintenance/references/maintenance-state.md,provider-runtime/skills/live-agency-skills,追跡済み,Skill仕様・利用手順,Git対象（未追跡なら関連実装と記録）,provider-runtime/skills/live-agency-skills/skills/lark-base-maintenance/references/maintenance-state.md,Skill repositoryで維持。個別業務仕様と配布に必要な資源を保持,64,,937495c03b22991653fcc760100e3b9c1934aac381059908eaf790926fb3f903,全文の機械照合と表題・状態。個別意味の統合は未実施,provider-runtime/skills/live-agency-skills/skills/lark-base-maintenance/references/maintenance-state.md,維持：所有先と役割が一致。業務契約の再審査・機能変更なし,provider-runtime/skills/live-agency-skills/skills/lark-base-maintenance/references/maintenance-state.md（全文保持、移動時はリンクを調整）,配布資源,配布資源,937495c03b22991653fcc760100e3b9c1934aac381059908eaf790926fb3f903
